Participant_ID,Demographics_age,Demographics_class,Demographics_enroll,Demographics_college,Demographics_sex,Demographics_gender,Demographics_sexual,Demographics_ethnic,Demographics_polit,Demographics_policli,Demographics_lean,Demographics_relig,Demographics_rlgsty,Demographics_lang,Demographics_commute,Demographics_work,PWS_1,PWS_2,PWS_3,PWS_4,PWS_5,PWS_6,PWS_7,PWS_8,PWS_9,PWS_10,PWS_11,PWS_12,PWS_13,PWS_14,PWS_15,PWS_16,PWS_17,PWS_18,PWS_19,PWS_20,PWS_21,PWS_22,PWS_23,PWS_24,PWS_25,PWS_26,PWS_27,PWS_28,PWS_29,PWS_30,PWS_31,PWS_32,PWS_33,PWS_34,PWS_35,PWS_36,Psychological Wellness,Physical Wellness,Emotional Wellness,Spiritual Wellness,Social Wellness,Intellectual Wellness,PWB_1,PWB_2,PWB_3,PWB_4,PWB_5,PWB_6,PWB_7,PWB_8,PWB_9,PWB_10,PWB_11,PWB_12,PWB_13,PWB_14,PWB_15,PWB_16,PWB_17,PWB_18,Autonomy,Environmental Mastery,Personal Growth,Positive Relationships,Purpose in Life,Self-Acceptance,CD_RISC_1,CD_RISC_10,CD_RISC_11,CD_RISC_12,CD_RISC_13,CD_RISC_14,CD_RISC_15,CD_RISC_16,CD_RISC_17,CD_RISC_18,CD_RISC_19,CD_RISC_2,CD_RISC_20,CD_RISC_21,CD_RISC_22,CD_RISC_23,CD_RISC_24,CD_RISC_25,CD_RISC_3,CD_RISC_4,CD_RISC_5,CD_RISC_6,CD_RISC_7,CD_RISC_8,CD_RISC_9,Resilience,PERMAB1_1,PERMAB1_2,PERMAB1_3,PERMAB1_4,PERMAB1_5,PERMAB2_1,PERMAB3_1,PERMAB3_2,PERMAB3_3,PERMAB3_4,PERMAB3_5,PERMAB4_1,PERMAB5_1,PERMAB5_2,PERMAB5_3,PERMAB5_4,PERMAB5_5,PERMAB6_1,PERMAB7_1,PERMAB7_2,PERMAB7_3,PERMAB7_4,PERMAB8_1,Positive Emotion,Engagement,Relationships,Meaning,Accomplishment,Negative Emotion,PERMA Loneliness,Happiness (1 item),Health,Overall Well-Being,UCLA_1,UCLA_2,UCLA_3,UCLA_4,UCLA_5,UCLA_6,UCLA_7,UCLA_8,UCLA_9,UCLA_10,UCLA_11,UCLA_12,UCLA_13,UCLA_14,UCLA_15,UCLA_16,UCLA_17,UCLA_18,UCLA_19,UCLA_20,Loneliness,PSS_1,PSS_2,PSS_3,PSS_4,PSS_6,Screen_total,Screen_work,Screen_leisure,Screen_reduction,Screen_active,Screen_passive,PWS_1,PWS_2,PWS_3,PWS_4,PWS_5,PWS_6,PWS_7,PWS_8,PWS_9,PWS_10,PWS_11,PWS_12,PWS_13,PWS_14,PWS_15,PWS_16,PWS_17,PWS_18,PWS_19,PWS_20,PWS_21,PWS_22,PWS_23,PWS_24,PWS_25,PWS_26,PWS_27,PWS_28,PWS_29,PWS_30,PWS_31,PWS_32,PWS_33,PWS_34,PWS_35,PWS_36,Psychological Wellness,Physical Wellness,Emotional Wellness,Spiritual Wellness,Social Wellness,Intellectual Wellness,PWB_1,PWB_2,PWB_3,PWB_4,PWB_5,PWB_6,PWB_7,PWB_8,PWB_9,PWB_10,PWB_11,PWB_12,PWB_13,PWB_14,PWB_15,PWB_16,PWB_17,PWB_18,Autonomy,Environmental Mastery,Personal Growth,Positive Relationships,Purpose in Life,Self-Acceptance,CD_RISC_1,CD_RISC_10,CD_RISC_11,CD_RISC_12,CD_RISC_13,CD_RISC_14,CD_RISC_15,CD_RISC_16,CD_RISC_17,CD_RISC_18,CD_RISC_19,CD_RISC_2,CD_RISC_20,CD_RISC_21,CD_RISC_22,CD_RISC_23,CD_RISC_24,CD_RISC_25,CD_RISC_3,CD_RISC_4,CD_RISC_5,CD_RISC_6,CD_RISC_7,CD_RISC_8,CD_RISC_9,Resilience,PERMAB1_1,PERMAB1_2,PERMAB1_3,PERMAB1_4,PERMAB1_5,PERMAB2_1,PERMAB3_1,PERMAB3_2,PERMAB3_3,PERMAB3_4,PERMAB3_5,PERMAB4_1,PERMAB5_1,PERMAB5_2,PERMAB5_3,PERMAB5_4,PERMAB5_5,PERMAB6_1,PERMAB7_1,PERMAB7_2,PERMAB7_3,PERMAB7_4,PERMAB8_1,Positive Emotion,Engagement,Relationships,Meaning,Accomplishment,Negative Emotion,PERMA Loneliness,Happiness (1 item),Health,Overall Well-Being,UCLA_1,UCLA_2,UCLA_3,UCLA_4,UCLA_5,UCLA_6,UCLA_7,UCLA_8,UCLA_9,UCLA_10,UCLA_11,UCLA_12,UCLA_13,UCLA_14,UCLA_15,UCLA_16,UCLA_17,UCLA_18,UCLA_19,UCLA_20,Loneliness,PSS_1,PSS_2,PSS_3,PSS_4,PSS_6,Screen_total,Screen_work,Screen_leisure,Screen_reduction,Screen_active,Screen_passive,Psychological Wellness,Physical Wellness,Emotional Wellness,Spiritual Wellness,Social Wellness,Intellectual Wellness,Autonomy,Environmental Mastery,Personal Growth,Positive Relationships,Purpose in Life,Self-Acceptance,Resilience,Positive Emotion,Engagement,Relationships,Meaning,Accomplishment,Negative Emotion,PERMA Loneliness,Happiness (1 item),Health,Overall Well-Being
1,20,3,2,3,1,2,9,4,1,,5,2,5,English,2,1,6,5,4,2,6,6,5,6,3,2,6,5,3,7,5,3,3,5,7,4,6,2,7,3,5,3,2,2,6,5,6,5,3,7,6,5,5.333333333,3,5,5.666666667,3.833333333,4.833333333,7,7,6,7,7,7,7,6,7,7,7,7,6,7,6,7,7,7,6.666666667,6.666666667,7,6.666666667,6.666666667,7,5,5,5,5,5,5,5,5,5,4,5,5,2,5,5,5,5,5,5,5,5,5,5,5,5,121,11,11,10,3,10,11,11,11,11,11,2,11,10,2,11,4,11,11,11,10,10,11,10,10.33333333,11,10.66666667,10.66666667,10.66666667,3,2,10,11,10.625,3,1,1,1,4,4,1,1,4,4,2,1,1,1,4,4,2,2,4,4,49,9:40 PM,15,6:00pm,on average 8 hours per day according to my fitbit,2,5,4,1,4,,,5,3,5,3,5,6,5,6,5,2,6,6,2,6,4,2,3,3,7,6,5,3,5,2,5,3,3,2,5,6,5,5,4,3,5,5,4.833333333,2.5,4.833333333,4.833333333,4.333333333,4.666666667,5,5,6,3,5,3,6,5,6,6,6,6,5,6,3,3,7,6,5.333333333,4.666666667,6,3.666666667,6,5,4,4,4,4,3,4,4,3,4,2,4,5,3,4,4,4,4,4,5,4,5,4,4,4,5,99,8,7,7,7,9,5,8,5,9,8,8,4,6,6,10,5,10,5,7,8,7,7,5,6.666666667,8.333333333,6.333333333,8.333333333,9,6,8,5,4.666666667,7.5625,4,3,2,3,3,3,4,2,3,3,3,2,3,3,3,3,3,3,3,3,59,0,10 min,0.2916666667,7 hours,2,4,3,2,4,2,4,-0.5,-0.5,-0.1666666667,-0.8333333333,0.5,-0.1666666667,-1.333333333,-2,-1,-3,-0.6666666667,-2,-22,-3.666666667,-2.666666667,-4.333333333,-2.333333333,-1.666666667,3,6,-5,-6.333333333,-3.0625
2,20,3,2,3,2,"3,5",9,2,5,,8,1,4,English,5,3,7,5,6,2,7,5,6,6,6,4,7,5,2,7,6,4,5,6,4,5,7,2,6,5,6,6,2,4,7,6,7,5,6,6,6,6,5.333333333,3.666666667,5.666666667,6.333333333,5.5,5.5,7,7,7,7,7,6,2,5,7,7,7,7,7,6,6,5,7,7,6.666666667,6.333333333,6.666666667,6,5.333333333,7,5,5,5,5,5,5,4,5,4,5,5,5,3,5,4,4,5,5,5,5,5,4,5,5,5,118,11,8,9,3,10,9,9,11,11,9,1,8,10,3,11,3,8,9,10,11,10,10,10,9.666666667,8.333333333,10.33333333,10.33333333,10.66666667,3,1,10,8.666666667,9.875,4,2,1,2,4,4,2,3,3,4,3,2,3,2,4,3,3,2,4,4,59,10:30pm,20,6:50,8,1,4,4,1,1,,,7,4,6,2,7,5,6,7,7,6,7,5,2,7,6,6,5,7,5,5,6,2,7,6,5,7,4,7,4,7,7,4,7,6,7,6,5.333333333,4.833333333,5.666666667,6.166666667,6,6,7,7,6,6,6,7,6,5,6,7,7,7,6,7,7,7,7,7,7,5.666666667,7,6.666666667,6.333333333,6.666666667,4,5,5,4,5,4,4,5,5,3,4,5,3,5,4,4,5,5,5,5,5,3,5,5,5,112,11,8,10,7,11,9,11,10,11,11,1,8,10,2,11,3,5,9,11,11,11,11,10,10.33333333,8,10.66666667,11,11,4,1,10,8.666666667,10.1875,4,1,1,1,4,4,1,1,3,4,1,1,1,1,3,4,3,2,4,4,48,12AM,20 minutes,7AM,7,2,4,3,2,3,4,3,0,1.166666667,0,-0.1666666667,0.5,0.5,0.3333333333,-0.6666666667,0.3333333333,0.6666666667,1,-0.3333333333,-6,0.6666666667,-0.3333333333,0.3333333333,0.6666666667,0.3333333333,1,0,0,0,0.3125
3,21,4,2,3,2,3,9,1,2,,8,2,5,Turkish,5,3,4,4,6,3,7,3,4,4,7,4,6,3,3,7,7,6,4,6,4,5,6,5,6,5,4,4,3,3,4,4,6,6,6,5,6,4,4.166666667,4.333333333,5,5.5,5.833333333,4.166666667,6,6,4,2,7,3,7,5,3,7,7,6,5,5,2,7,6,7,5,3.333333333,6,5,6,6.333333333,4,4,4,4,3,4,1,2,1,4,3,5,4,3,2,3,4,4,5,2,2,3,2,4,3,80,7,7,8,9,6,7,6,9,9,9,6,4,7,4,6,6,6,8,11,5,7,7,6,7.333333333,7.333333333,9,6.666666667,6.333333333,6.333333333,6,6,6.333333333,7.25,3,3,3,3,3,3,1,2,2,4,3,2,2,3,4,4,4,4,3,3,59,12:00 AM,60,7:00 AM,6,2,4,3,2,4,,,4,3,6,3,7,4,4,5,6,5,6,5,2,7,7,5,3,5,5,3,7,5,5,5,3,4,3,5,4,4,6,4,6,4,6,6,4,4.5,4.333333333,5.166666667,5.833333333,4.833333333,6,5,7,3,6,6,7,4,6,6,6,6,7,6,3,6,6,5,4.666666667,4.333333333,6,6.333333333,6.666666667,5.666666667,4,5,4,3,4,3,3,2,3,3,4,5,2,5,3,3,4,5,5,4,4,2,2,4,5,91,8,8,7,10,8,9,9,9,9,7,6,10,7,5,9,6,10,9,10,7,9,6,8,6.666666667,8.333333333,9.333333333,8.333333333,8.333333333,7,6,8,9.333333333,8.1875,3,3,3,3,3,3,3,3,3,3,3,2,3,3,3,3,3,3,3,3,59,0.04166666667,10 minutes,0.25,5 hours,3,4,4,1,2,3,3,-0.1666666667,0.1666666667,-0.6666666667,-0.3333333333,0,0.6666666667,-0.3333333333,1,0,1.333333333,0.6666666667,-0.6666666667,11,-0.6666666667,1,0.3333333333,1.666666667,2,0.6666666667,0,2,3,0.9375
4,21,4,1,4,1,2,9,4,5,,8,9,1,Chinese,1,2,3,5,5,3,3,5,3,5,2,4,3,5,5,5,3,5,3,3,5,3,3,3,3,5,2,4,4,5,3,5,5,5,6,3,3,6,3.833333333,3.833333333,4.5,3,3.833333333,4.833333333,7,6,6,1,2,6,3,4,7,7,7,7,7,5,3,7,6,5,4.666666667,4,6.333333333,6.666666667,5.333333333,5,4,5,5,5,4,4,4,5,5,2,5,5,3,3,3,4,5,4,2,5,4,5,5,5,4,105,7,9,8,11,9,8,8,11,9,6,4,7,8,1,11,4,11,8,11,8,11,9,9,8.333333333,8.666666667,11,8.333333333,9,5.333333333,4,9,7.666666667,9.0625,4,2,2,2,4,4,2,3,4,4,3,3,2,2,4,4,4,2,4,4,63,11:30 AM,5,5:00 AM,5,2,4,2,3,4,,,,,,,,,,,,,,,,,,,,,,,,,,,,,,,,,,,,,,,,,,,,,,,,,,,,,,,,,,,,,,,,,,,,,,,,,,,,,,,,,,,,,,,,,,,,,,,,,,,,,,,,,,,,,,,,,,,,,,,,,,,,,,,,,,,,,,,,,,,,,,,,,,,,,,,,,,,,,,,,,,,,,,,,,,,,,,,,,,,,,,
5,19,2,2,3,2,3,"9,15",1,2,,1,"1,2",3,English,2,1,5,6,2,6,5,5,6,5,5,4,6,4,4,5,7,6,4,6,5,6,6,7,6,4,6,4,1,5,6,6,6,4,6,6,4,5,5.333333333,5.666666667,5,5.166666667,4.5,5,6,5,5,5,6,3,6,6,6,7,6,7,4,7,5,7,7,6,6,5.666666667,6.666666667,4.666666667,6,5.666666667,4,3,4,4,4,3,4,3,4,3,4,5,3,4,4,4,4,4,4,5,3,3,4,3,4,94,7,9,6,11,8,8,8,9,9,5,8,7,7,3,9,6,8,9,9,10,10,8,6,7,7.333333333,9.333333333,9,8,6.666666667,8,6,8,8,3,3,2,3,2,2,2,3,3,3,3,2,3,3,3,3,3,4,3,3,56,10:30,30,7:00,7,3,4,2,3,3,,,7,6,5,7,7,6,4,6,7,3,7,3,6,3,7,6,1,4,5,5,6,6,7,5,3,6,2,7,1,7,6,5,7,7,5,2,5.166666667,6,5.166666667,4.666666667,5.666666667,4.5,7,6,4,3,6,5,7,6,7,5,6,7,5,5,6,7,6,3,5,5.333333333,6,5.666666667,5.333333333,6.333333333,4,2,5,4,5,3,5,5,5,4,4,5,3,4,3,5,5,5,4,5,5,4,5,4,4,107,6,7,5,8,8,9,6,11,9,7,7,7,7,7,9,8,9,10,11,8,8,8,7,6.666666667,7.666666667,10,7.666666667,7.666666667,7.666666667,7,7,8.666666667,7.875,3,2,1,2,2,3,2,3,3,4,2,2,2,3,4,4,3,2,4,4,55,0.4375,20,0.25,7,3,4,3,2,5,4,3,-0.1666666667,0.3333333333,0.1666666667,-0.5,1.166666667,-0.5,-1,-0.3333333333,-0.6666666667,1,-0.6666666667,0.6666666667,13,-0.3333333333,0.3333333333,0.6666666667,-1.333333333,-0.3333333333,1,-1,1,0.6666666667,-0.125
6,21,4,2,1,2,3,9,3,2,,2,1,2,Spanish,1,1,5,3,6,5,7,3,7,5,7,7,6,5,3,7,7,5,2,5,5,2,7,5,6,3,5,5,5,5,7,5,6,3,6,5,7,6,5.166666667,5.333333333,4.166666667,5.833333333,6.333333333,4.5,7,7,1,1,3,2,5,7,7,7,7,7,6,6,4,4,7,3,4.666666667,5,6.666666667,4,4.333333333,5.666666667,5,5,5,5,5,5,5,5,5,5,5,5,4,5,3,5,5,5,5,5,5,5,3,5,5,120,11,11,11,11,11,11,11,3,11,11,1,1,11,1,11,8,11,11,5,11,8,11,10,11,11,5.333333333,11,11,6.666666667,1,10,7.666666667,9.875,4,3,3,4,2,4,4,4,4,3,3,3,4,4,3,3,4,4,2,3,68,11:00PM,Not long,7:20AM,Maybe like 6-7,2,4,4,4,5,,,6,3,6,2,7,5,7,5,7,6,7,5,1,7,5,5,3,5,5,3,7,7,7,3,4,4,2,5,7,5,6,6,5,6,7,6,4.833333333,5.166666667,4.666666667,6.333333333,5.333333333,4.833333333,6,6,6,2,6,3,5,6,6,2,6,6,6,6,5,6,6,6,5.666666667,4.666666667,6,5,4.333333333,6,4,4,4,4,4,2,4,5,3,2,4,5,2,4,2,4,4,4,3,4,4,4,4,4,5,93,8,9,9,8,8,9,9,8,10,8,4,7,8,2,9,4,10,7,9,9,8,9,10,8.666666667,9,8.333333333,9.333333333,8.333333333,4.666666667,4,10,7.666666667,8.8125,3,2,2,2,3,3,3,3,4,3,2,2,3,3,2,4,2,3,3,4,56,12am,1min ,8am,6 to 7 hours,3,4,4,1,5,2,3,-0.3333333333,-0.1666666667,0.5,0.5,-1,0.3333333333,1,-0.3333333333,-0.6666666667,1,0,0.3333333333,-27,-2.333333333,-2,3,-1.666666667,-2.666666667,-2,3,0,0,-1.0625
7,20,3,2,3,2,3,9,4,2,,3,4,3,English,1,3,5,3,6,6,5,5,6,5,6,5,6,6,2,5,7,4,5,6,6,6,5,4,6,6,6,3,5,5,6,6,5,5,6,6,5,6,5,5,4.5,5.5,5.833333333,5.833333333,5,5,6,4,3,6,7,5,5,7,7,6,5,6,5,3,6,5,5.333333333,4.666666667,6.333333333,4.666666667,6.666666667,4.333333333,4,4,4,3,4,3,3,3,3,2,4,4,2,3,3,4,4,4,4,3,3,3,4,3,4,85,7,7,8,9,7,7,8,8,8,8,8,5,7,5,9,5,6,5,7,9,8,7,8,7.333333333,7,7.666666667,8.333333333,7.666666667,6.333333333,8,8,5.666666667,7.625,3,3,3,3,4,3,3,4,4,3,3,2,3,3,3,2,3,4,3,2,61,1:00 AM,15,8:00 AM,186,3,5,3,2,4,,,7,6,6,7,7,6,6,6,6,6,7,7,1,6,7,6,5,7,6,7,7,6,7,7,6,5,6,4,6,7,7,6,7,6,6,7,5.5,5.833333333,6,6.333333333,6.5,6.833333333,7,7,2,6,7,6,6,6,6,7,7,7,7,7,6,7,7,7,6.666666667,6,7,6.666666667,5,7,4,5,5,5,5,5,5,5,4,2,4,5,2,5,4,5,4,5,4,4,5,2,4,4,4,106,11,9,9,8,10,9,10,10,11,10,6,10,10,6,11,5,9,9,11,10,11,11,9,10,9.333333333,10.66666667,10.33333333,10.66666667,6.333333333,6,9,9.333333333,10.125,4,3,2,2,4,3,1,1,4,4,2,1,2,2,4,3,2,2,4,4,54,10:30PM,90,730AM,7,2,4,4,1,2,4,3,0.5,0.8333333333,1.5,0.8333333333,0.6666666667,1,1.333333333,1.333333333,0.6666666667,2,-1.666666667,2.666666667,21,2.666666667,2.333333333,3,2,3,0,-2,1,3.666666667,2.5
8,18,1,2,3,2,3,9,4,3,,3,6,1,English,5,3,2,1,2,3,4,3,1,3,7,5,4,5,2,1,7,1,2,4,7,1,7,1,4,4,1,3,1,1,1,4,3,3,7,4,2,5,2.666666667,2.5,2,2.833333333,5.166666667,4.166666667,5,6,5,5,5,3,7,5,6,7,6,7,5,7,3,6,5,5,4.333333333,5.333333333,6.666666667,4.666666667,6.333333333,5.333333333,4,4,4,4,4,4,4,4,4,2,4,5,2,4,4,4,4,5,3,4,5,4,5,5,4,100,7,8,8,9,8,8,8,9,9,8,5,8,7,4,8,5,9,8,9,9,8,8,7,7.666666667,8.333333333,8.666666667,8.666666667,7.666666667,6,5,7,8,8.125,3,3,2,3,3,3,2,2,3,3,2,2,3,2,3,3,4,3,3,3,55,10:30 PM,20,7:00 AM,8-Jul,2,4,3,2,4,,,4,4,6,5,6,5,6,6,5,6,6,6,1,4,7,5,4,7,7,6,4,4,7,7,6,4,3,5,4,6,6,5,7,6,6,6,5,5.166666667,4.833333333,5.5,5.333333333,6.166666667,6,6,7,6,6,7,2,6,7,3,7,7,7,7,6,7,6,7,6.333333333,6.333333333,7,7,4,6,4,5,5,5,5,3,3,5,5,4,4,5,4,5,4,3,5,5,2,4,5,3,5,5,4,107,9,10,9,4,9,8,9,10,10,9,2,8,8,7,10,4,11,8,10,9,10,11,9,9.333333333,10,10,9.333333333,9.333333333,5,2,9,8,9.5625,4,1,1,1,4,4,2,2,4,3,1,2,2,1,4,4,3,2,4,4,53,0.9583333333,30 minutes,0.3055555556,7.5 hours,2,3,2,2,1,4,4,2.333333333,2.666666667,2.833333333,2.666666667,0.1666666667,2,2,1,0.3333333333,2.333333333,-2.333333333,0.6666666667,7,1.666666667,1.666666667,1.333333333,0.6666666667,1.666666667,-1,-3,2,0,1.4375
9,20,4,2,1,1,2,9,4,5,,3,4,3,English,4,2,6,4,7,6,7,6,7,6,7,6,7,7,1,7,7,6,7,7,1,7,7,6,7,7,7,6,7,7,7,7,7,5,7,6,7,6,4.833333333,6.166666667,5.833333333,7,7,6.666666667,5,5,3,5,5,5,3,4,6,4,4,5,2,3,2,4,4,6,4,5,4,3.666666667,3.333333333,5,5,4,3,4,3,3,3,3,2,4,4,5,3,2,4,2,2,4,1,5,5,4,3,3,2,83,6,6,7,5,7,5,5,7,6,4,7,8,8,4,5,5,7,5,5,8,8,6,8,7,5.666666667,6.666666667,6.333333333,6,4.666666667,7,8,6,6.4375,2,3,2,2,3,4,4,2,3,2,2,4,3,2,3,3,2,3,1,3,53,11:40 PMã€€,20 mins,6:30 AM,5:30 Hours,1,1,1,1,2,,,7,6,5,7,7,6,6,7,6,5,7,7,1,7,6,5,7,6,2,7,6,5,7,6,7,7,6,6,7,7,7,6,6,7,7,7,5,5.833333333,6.666666667,7,5.833333333,6.5,7,7,6,6,6,7,5,6,7,7,7,7,6,6,6,6,5,6,5.666666667,6.333333333,6.666666667,6.333333333,6,6.666666667,5,5,4,5,5,5,5,5,5,3,4,5,3,5,4,4,5,5,4,5,5,4,4,5,4,113,11,9,9,2,11,9,9,9,10,11,2,9,9,3,10,2,8,9,9,9,9,10,9,9.333333333,9.333333333,9,9.333333333,10.66666667,2.333333333,2,9,9,9.5,3,1,1,2,4,4,1,1,4,4,1,1,1,1,4,4,3,2,4,4,50,0,30,0.3333333333,7,1,5,4,3,1,3,3,0.1666666667,-0.3333333333,0.8333333333,0,-1.166666667,-0.1666666667,1.666666667,1.333333333,2.666666667,2.666666667,2.666666667,1.666666667,30,2.333333333,3.666666667,2.333333333,3,4.666666667,-2.333333333,-5,1,3,3.0625
10,21,4,2,5,2,3,9,6,1,,6,1,5,English ,1,3,7,7,7,6,7,7,6,7,7,6,7,5,1,7,7,6,7,7,7,7,7,6,7,4,6,7,7,6,7,6,7,7,7,7,7,7,5.666666667,6.166666667,7,7,7,6,7,7,6,1,5,1,1,7,5,2,7,7,7,7,3,6,7,7,5.666666667,4.333333333,7,4.666666667,3,6.333333333,5,5,5,5,5,5,5,5,5,5,5,5,5,5,5,5,5,5,5,5,5,5,5,5,5,125,6,6,10,6,5,10,10,10,8,9,8,11,10,4,6,5,11,10,9,7,11,9,10,9.666666667,8.666666667,10,8.333333333,5.666666667,5,8,10,10.33333333,8.5625,4,2,2,3,3,4,2,2,4,4,2,2,2,2,4,4,4,2,4,4,60,1:00AM,30 minutes ,7:00AM,4 hours ,4,3,5,2,1,,,6,4,6,6,7,6,6,5,7,6,7,5,2,7,7,6,7,5,7,6,7,7,7,5,6,7,5,7,7,6,6,6,6,7,7,4,5.5,6.5,5.833333333,7,6.333333333,5.166666667,7,6,7,2,7,3,3,6,6,6,7,7,7,7,2,5,3,3,2.666666667,4.666666667,7,5,5.333333333,6.666666667,4,5,5,5,5,2,3,5,5,3,5,5,3,5,4,4,4,4,5,5,5,5,5,5,5,111,8,10,9,8,9,11,10,6,11,10,3,10,11,3,8,4,10,11,9,11,9,6,8,8.666666667,10,8,10.66666667,8.333333333,5,3,8,10.66666667,9.0625,4,2,2,3,3,3,2,2,4,3,3,2,2,3,4,3,2,3,3,3,56,1AM,20 minutes,7AM,6,2,5,5,2,4,4,3,-0.1666666667,0.3333333333,-1.166666667,0,-0.6666666667,-0.8333333333,-3,0.3333333333,0,0.3333333333,2.333333333,0.3333333333,-14,-1,1.333333333,-2,2.333333333,2.666666667,0,-5,-2,0.3333333333,0.5
11,21,4,2,1,1,"2,5",10,2,2,,2,6,1,English,5,2,6,3,6,7,7,7,6,7,6,6,7,6,1,7,4,7,7,6,6,6,5,6,7,6,6,7,5,6,7,7,5,5,6,4,7,7,5,6,5.833333333,7,5.333333333,6.5,6,7,6,6,5,5,5,5,5,6,7,7,7,6,5,2,2,7,4.666666667,5.333333333,6.666666667,4.666666667,5.666666667,6,4,4,4,4,4,5,3,5,4,3,4,4,2,3,2,4,4,5,5,3,2,4,2,5,4,93,6,9,8,7,7,7,8,8,7,9,5,6,8,3,11,5,8,5,9,5,7,8,8,8,8.666666667,8,6.666666667,8,5,5,8,6,7.875,3,2,2,2,4,3,2,2,4,3,2,4,2,1,3,3,2,3,4,4,55,12am,10 minutes,9am,6 hours,3,4,4,2,4,,,7,3,5,7,7,7,6,6,6,7,7,7,1,7,6,7,7,7,6,7,5,7,7,7,6,7,3,7,7,7,6,5,6,6,7,7,5.333333333,6.833333333,5.833333333,7,5.166666667,7,7,7,6,7,7,3,2,7,7,7,7,7,7,2,4,5,6,7,5.666666667,7,5.333333333,5,5,7,5,5,4,4,4,4,2,4,5,3,5,5,1,5,5,4,4,4,1,4,5,5,5,5,3,101,8,10,11,3,9,10,11,9,11,11,5,10,11,1,11,2,10,11,10,10,9,11,11,11,10.33333333,9.333333333,10.66666667,9.333333333,2,5,11,10.33333333,10.1875,3,3,2,3,3,4,2,2,4,3,3,2,3,3,3,3,4,3,3,3,59,0.9375,10-15 minutes,0.2708333333,8 hours,1,4,2,3,4,2,4,0.3333333333,0.8333333333,0,0,-0.1666666667,0.5,1,1.666666667,-1.333333333,0.3333333333,-0.6666666667,1,8,3,1.666666667,1.333333333,4,1.333333333,-3,0,3,4.333333333,2.3125
12,23,4,4,3,2,3,13,2,2,,2,1,2,English,3,1,4,6,6,5,7,6,6,5,7,6,7,7,1,7,7,6,4,7,7,2,7,4,5,7,3,6,7,5,7,7,4,6,7,7,6,6,4.166666667,5.5,5.333333333,6,6.833333333,6.666666667,7,7,7,7,7,5,7,6,7,7,7,7,5,7,5,7,3,4,4,6.666666667,7,5.666666667,7,7,4,4,4,5,4,4,5,3,4,3,5,5,2,4,4,4,5,5,3,5,5,4,4,4,4,103,11,11,10,5,9,10,8,9,10,9,2,10,10,3,10,2,8,10,11,10,9,10,11,10,9.333333333,9.666666667,9.333333333,10,3.333333333,2,11,10,9.75,4,2,1,2,1,4,1,2,4,4,2,2,2,1,4,4,2,2,4,4,52,1:30 AM,less than 5 minutes,7:00 AM,about 6-7 hours,3,5,4,1,4,,,6,6,4,1,7,6,7,5,7,5,7,6,2,7,7,6,5,7,7,3,7,2,7,7,5,5,7,6,7,5,7,6,7,6,6,7,5.666666667,4.333333333,5.333333333,6.5,6.5,6.333333333,7,7,7,2,7,7,5,6,6,7,7,6,7,7,2,7,6,7,5,4.666666667,6.666666667,7,6.333333333,7,5,4,5,5,4,3,4,3,4,1,5,5,2,5,3,4,5,5,3,4,4,3,5,5,4,100,11,10,6,8,9,9,11,11,8,9,1,7,7,2,7,5,11,8,11,11,11,7,7,6.666666667,10,11,10,9,5,1,7,8,9.1875,3,1,1,1,4,3,2,3,3,4,2,1,2,1,4,4,4,1,4,4,52,0.08333333333,20 minutes,0.2708333333,3,4,5,3,3,5,2,4,1.5,-1.166666667,0,0.5,-0.3333333333,-0.3333333333,1,-2,-0.3333333333,1.333333333,-0.6666666667,0,-3,-3.333333333,0.6666666667,1.333333333,0.6666666667,-1,1.666666667,-1,-4,-2,-0.5625
13,20,3,2,3,2,"3,5",9,1,2,,3,1,4,English,2,2,6,3,7,6,5,6,5,6,7,6,7,6,3,6,6,6,3,5,7,6,7,6,6,4,7,5,6,6,6,5,6,4,6,6,4,6,5.666666667,6,5,5.166666667,6.5,5.333333333,6,6,5,3,6,5,5,6,6,7,6,7,7,6,3,7,2,3,2.666666667,5,6.333333333,6.333333333,5.666666667,6,4,3,4,4,4,3,4,4,3,3,5,5,3,4,4,4,4,4,4,4,4,4,4,4,5,98,8,7,9,4,7,9,8,6,8,8,3,8,9,3,8,7,9,9,8,8,7,7,7,8.333333333,8,7,8,7.666666667,4.666666667,3,7,8.666666667,7.75,4,3,2,2,4,4,2,2,4,4,3,2,2,2,3,4,3,3,4,4,61,11:00 PM,10 minutes,7:30 AM,8.25 hours,2,3,2,2,5,,,7,7,7,7,7,6,7,7,7,7,7,3,1,7,7,6,7,7,6,7,7,7,7,6,7,7,7,7,7,6,7,7,7,7,7,7,5.833333333,6.833333333,7,7,7,5.833333333,7,7,5,7,7,7,7,7,7,7,6,6,6,7,2,7,6,7,5,7,6.333333333,6.666666667,6.333333333,7,5,5,5,5,5,4,5,5,5,1,5,5,2,5,5,4,5,5,5,5,5,5,5,5,5,116,9,11,11,2,11,10,11,11,11,11,1,10,11,3,11,2,11,10,11,11,11,11,10,11,11,11,11,10.33333333,2.333333333,1,10,10,10.8125,4,1,1,1,3,3,2,1,3,4,2,1,1,1,4,4,2,1,4,4,47,0,15,0.3541666667,7.5,2,4,3,1,2,2,3,0.1666666667,0.8333333333,2,1.833333333,0.5,0.5,2.333333333,2,0,0.3333333333,0.6666666667,1,18,2.666666667,3,4,3,2.666666667,-2.333333333,-2,3,1.333333333,3.0625
14,21,4,2,3,1,2,9,4,3,,3,6,1,English,3,3,2,1,5,3,4,5,3,5,5,3,2,5,3,1,5,3,3,5,5,3,5,3,5,3,3,2,2,3,2,5,4,2,5,3,4,3,3.333333333,3,2.333333333,3.333333333,4.5,4.333333333,7,6,3,6,3,3,6,5,6,7,7,7,6,5,3,7,5,6,4.666666667,5.666666667,6.333333333,5.333333333,5.333333333,5.333333333,4,4,4,3,5,4,5,4,4,4,4,5,3,4,4,2,4,4,4,3,4,4,4,4,4,98,7,8,9,9,10,8,11,7,10,9,2,7,8,5,8,3,8,7,11,8,9,9,8,8.666666667,8.333333333,9,9.666666667,8.333333333,5.666666667,2,8,7.333333333,8.75,3,2,2,2,4,4,1,2,3,3,2,2,2,2,4,4,3,2,4,4,55,12:00 AM,30,7:30 AM,7,2,4,2,3,4,,,5,3,5,5,3,6,3,5,7,3,3,6,1,2,6,4,2,5,5,2,5,4,6,5,4,2,1,5,2,6,3,2,6,5,3,5,3.5,4.333333333,2.666666667,3.166666667,5,5.5,2,1,2,6,3,2,2,6,3,1,5,5,3,2,3,2,5,2,3.333333333,5,4,2.333333333,1.666666667,2,2,2,4,1,2,2,2,3,2,2,2,3,2,2,2,4,4,2,4,4,4,2,2,2,1,62,8,9,3,10,4,8,8,3,8,5,8,8,3,7,8,10,9,8,9,8,2,2,2,2.666666667,7.666666667,4.666666667,8,6.666666667,9,8,2,8,5.6875,3,3,4,3,3,2,3,3,2,2,3,4,4,3,3,1,3,2,3,3,57,0.9375,30-60 minutes,0.2916666667,7,2,4,3,2,4,2,4,0.1666666667,1.333333333,0.3333333333,-0.1666666667,0.5,1.166666667,-1.333333333,-0.6666666667,-2.333333333,-3,-3.666666667,-3.333333333,-36,-6,-0.6666666667,-4.333333333,-1.666666667,-1.666666667,3.333333333,6,-6,0.6666666667,-3.0625
15,20,3,2,3,2,3,9,2,5,,4,1,4,English,1,2,5,5,7,3,6,4,5,5,7,5,5,5,3,5,6,5,4,5,5,5,7,5,6,4,5,5,2,5,6,5,5,4,6,5,6,5,4.666666667,4.666666667,4.833333333,5.5,5.833333333,4.666666667,6,7,7,6,6,7,6,6,7,7,6,6,6,7,3,7,7,6,5.333333333,6.333333333,6.333333333,6.666666667,6.666666667,6.333333333,4,4,4,4,4,5,5,4,4,4,4,5,3,5,4,4,5,5,3,4,4,4,5,4,4,105,9,9,9,7,9,9,10,6,9,9,6,9,9,6,10,5,6,9,10,10,10,9,8,9,8,8.666666667,9.666666667,9.333333333,6,6,8,9,8.875,4,2,2,2,4,4,2,2,4,4,2,1,1,2,4,4,3,3,4,4,58,12AM,15,8AM,8,2,4,3,2,1,,,5,5,5,5,5,4,5,5,5,5,5,4,3,5,5,4,5,4,5,5,7,4,5,4,4,5,5,4,5,4,5,4,5,5,6,4,4.5,4.5,4.833333333,5.166666667,5.333333333,4,4,5,4,4,4,5,4,4,5,6,4,4,5,4,3,5,5,5,4.333333333,4.333333333,4,5,4.666666667,4.333333333,3,3,3,3,3,2,2,3,3,2,3,4,3,4,3,2,4,4,5,3,4,3,3,3,4,79,7,7,8,6,7,7,8,9,7,7,5,7,8,4,7,4,6,7,9,8,7,6,7,7.333333333,6.666666667,8.333333333,7.666666667,7,4.666666667,5,7,7,7.375,3,3,3,3,3,3,3,3,3,3,3,3,3,3,3,3,3,3,3,3,60,12:00-2:00AM,20-30 minutes,6:30AM or 8:00AM,6-7 hours,3,5,4,1,4,3,3,-0.1666666667,-0.1666666667,0,-0.3333333333,-0.5,-0.6666666667,-1,-2,-2.333333333,-1.666666667,-2,-2,-26,-1.666666667,-1.333333333,-0.3333333333,-2,-2.333333333,-1.333333333,-1,-1,-2,-1.5
16,21,4,1,3,2,3,11,7,4,,8,1,3,Spanish,4,3,6,6,6,3,6,6,6,6,6,6,6,6,2,6,6,6,6,6,6,6,6,6,6,4,6,6,6,6,6,6,6,6,6,6,6,6,5.333333333,5.5,6,6,6,5.666666667,6,6,6,3,4,6,7,6,6,6,6,6,6,6,3,6,6,6,5,5,6,6,6.333333333,5.333333333,4,4,4,4,4,4,4,3,4,2,4,5,3,4,4,3,4,4,4,4,4,4,4,4,4,96,8,8,9,8,7,8,9,11,8,9,3,9,9,6,9,6,9,10,11,9,11,9,9,9,8.666666667,11,8.666666667,8,6.666666667,3,9,9,9.0625,4,2,2,2,4,4,2,2,4,4,2,2,2,2,4,4,3,2,4,4,59,1:00 AM,30,07:00AM,5,2,4,4,1,4,,,5,7,6,3,6,6,7,6,6,6,7,6,1,7,6,5,6,6,5,7,6,6,6,6,6,6,5,5,7,4,6,2,6,6,6,6,5,5.166666667,5.833333333,6.333333333,5.833333333,5.666666667,6,6,6,7,7,6,5,6,6,6,7,6,6,6,6,6,6,6,6,6.333333333,6.333333333,6,5.666666667,6.333333333,4,5,4,5,5,4,4,5,5,4,5,5,4,5,4,5,5,5,4,4,5,4,5,5,4,114,10,3,9,6,10,9,10,9,10,10,4,9,9,3,10,3,9,9,10,9,10,10,10,9.333333333,7.333333333,9.666666667,9.666666667,10,4,4,10,9,9.25,4,2,2,2,4,4,1,2,4,4,2,1,1,1,4,4,3,2,4,4,55,11.00PM,15 minutes,7.15AM,7 hours,2,2,2,1,2,3,3,-0.3333333333,-0.3333333333,-0.1666666667,0.3333333333,-0.1666666667,0,1,1.333333333,0.3333333333,0,-0.6666666667,1,18,0.3333333333,-1.333333333,-1.333333333,1,2,-2.666666667,1,1,0,0.1875
17,20,3,2,3,2,3,9,3,2,,3,1,4,Spanish,1,3,5,6,6,2,6,3,5,5,6,3,6,5,2,6,6,5,6,6,6,6,5,5,5,6,5,7,5,5,1,6,6,5,6,5,5,6,4.833333333,4.166666667,5.833333333,4.833333333,5.666666667,5.333333333,7,6,6,6,3,6,6,7,6,6,7,7,7,7,3,6,6,5,4.666666667,6.333333333,7,6.333333333,6,5.333333333,5,4,4,3,4,4,3,4,5,4,4,5,2,4,5,4,4,4,3,5,4,4,5,4,5,102,9,8,8,4,10,8,9,9,9,10,4,8,10,3,11,4,8,7,10,8,9,9,9,9,8.666666667,9.333333333,8.666666667,10,3.666666667,4,9,7.666666667,9.125,4,3,2,2,3,4,1,1,3,4,2,2,1,1,3,4,3,2,4,4,53,11:30 PM,15,8:30 AM,8.5,2,4,2,2,4,,,4,5,1,2,6,5,5,3,3,3,5,3,6,5,6,3,5,5,5,2,5,3,3,7,3,6,2,3,2,5,2,5,6,4,4,5,4.166666667,3,4.333333333,4.166666667,3.833333333,5,7,5,3,2,2,2,3,5,5,3,5,6,5,5,5,5,6,6,5.666666667,4,5.333333333,4,3,4.666666667,4,4,4,3,2,2,2,2,2,2,3,4,4,4,2,2,4,4,5,2,2,4,2,2,4,75,4,6,7,7,5,7,8,7,8,8,7,4,8,4,5,6,10,4,8,8,7,8,8,7.666666667,8,7.333333333,8,4.666666667,5.666666667,7,8,5,7.1875,4,3,3,3,3,2,2,2,2,3,3,2,2,3,3,3,4,4,3,3,57,12:00PM,10,0.375,10,1,5,2,3,5,4,4,-0.6666666667,-1.166666667,-1.5,-0.6666666667,-1.833333333,-0.3333333333,1,-2.333333333,-1.666666667,-2.333333333,-3,-0.6666666667,-27,-1.333333333,-0.6666666667,-2,-0.6666666667,-5.333333333,2,3,-1,-2.666666667,-1.9375
18,21,4,"3,4",3,1,2,9,1,1,,6,1,4,English ,1,3,6,6,3,5,7,6,2,6,7,6,7,6,1,7,6,7,6,6,1,7,7,7,7,5,4,7,2,6,7,6,6,5,3,4,7,7,3.333333333,5.833333333,6.333333333,6.833333333,4.666666667,6,6,5,5,5,6,3,3,3,5,2,5,6,3,3,7,6,7,7,7,4.333333333,4.666666667,4,3.333333333,5.666666667,4,2,2,3,4,2,4,2,4,2,4,5,2,3,4,4,4,4,4,4,4,2,2,4,4,83,8,8,8,11,9,8,7,8,9,9,3,9,8,9,7,9,11,9,11,7,10,9,7,8.333333333,9.333333333,9.666666667,7.666666667,8,9.666666667,3,7,8.666666667,8.5,4,2,2,2,4,4,2,2,3,3,1,2,2,3,4,4,4,2,4,4,58,11:00PM,15 minutes,8:00AM,9 hours,1,4,3,3,2,,,6,6,6,3,7,7,5,7,6,6,7,6,2,7,6,7,6,6,2,7,7,7,7,6,4,7,3,6,7,7,4,2,4,7,5,6,3.833333333,6,6,6.5,5.333333333,6.333333333,7,6,7,7,6,3,7,6,7,7,7,7,2,7,6,7,6,7,6.333333333,6.666666667,7,4,7,6.333333333,5,5,5,5,5,4,4,5,5,4,5,5,2,5,4,4,5,4,5,5,3,4,5,5,1,109,10,10,8,2,10,11,10,9,11,10,2,10,9,7,10,6,11,11,11,11,10,9,9,8.666666667,10.33333333,10,10.66666667,10,5,2,9,10.66666667,9.875,3,2,1,1,3,3,1,3,3,3,1,1,1,2,4,4,1,3,4,4,48,0.9583333333,10 minutes,0.3541666667,7.5 hours,2,3,2,1,2,3,3,0.5,0.1666666667,-0.3333333333,-0.3333333333,0.6666666667,0.3333333333,-0.6666666667,2.333333333,2.333333333,0,3.666666667,0.6666666667,26,0.3333333333,1,0.3333333333,3,2,-4.666666667,-1,2,2,1.375
19,21,4,2,3,2,"3,5",12,4,2,,2,6,2,English,2,2,4,3,1,3,3,4,2,3,2,4,2,6,2,2,7,2,2,3,6,2,1,2,2,3,2,2,2,3,2,5,5,4,5,4,2,3,3.5,3,2.666666667,2.166666667,3,4,3,2,4,1,1,3,7,5,6,2,5,5,5,3,3,3,3,4,3.333333333,4,4.333333333,3.666666667,4.333333333,2,3,5,3,2,4,2,3,2,4,3,3,5,4,3,2,2,5,4,1,4,2,1,5,4,4,80,4,8,5,11,7,4,5,7,5,8,6,2,4,8,11,10,11,5,5,6,8,4,5,4.333333333,9,6.666666667,5.333333333,7.333333333,9.666666667,6,5,3.666666667,6.4375,4,2,1,3,4,3,4,3,3,3,2,3,4,3,2,4,3,3,4,4,62,4:00 AM,30 minutes,7:30 AM,2 hours,4,4,3,2,2,,,3,3,2,2,4,4,2,4,2,3,4,5,3,3,6,2,2,5,6,3,3,2,3,5,2,3,3,2,2,5,4,4,6,4,2,2,3.333333333,2.5,3.333333333,2.833333333,3.666666667,4.333333333,4,3,3,3,2,6,3,3,4,2,7,7,7,2,3,2,4,5,4,3.333333333,5.333333333,5,2.666666667,3,4,3,4,3,3,4,3,3,4,4,2,5,3,2,3,2,4,2,3,3,2,4,4,4,4,82,7,4,9,9,4,6,5,9,5,7,6,4,6,5,8,7,9,4,7,6,9,8,6,7.666666667,6.666666667,8.333333333,5.333333333,6.333333333,7,6,6,4.666666667,6.8125,3,1,1,3,4,3,2,4,4,4,2,1,3,3,4,2,3,3,4,4,58,0,30 minutes,0.375,45846,2,4,2,2,2,4,4,-0.1666666667,-0.5,0.6666666667,0.6666666667,0.6666666667,0.3333333333,0.6666666667,-0.6666666667,1,1.333333333,-1.666666667,1,2,3.333333333,-2.333333333,1.666666667,0,-1,-2.666666667,0,1,1,0.375
20,20,3,2,3,2,3,9,2,2,,2,6,2,English,1,3,6,3,7,6,6,5,3,5,7,5,6,5,1,3,6,5,3,5,7,2,7,5,6,5,1,6,3,6,1,5,5,2,6,7,5,3,3.833333333,5.666666667,3.5,4.5,6,4.666666667,5,4,3,2,2,4,6,6,5,7,6,6,6,4,4,6,4,5,4.333333333,4.333333333,5.333333333,5.333333333,5.333333333,3.666666667,4,4,3,3,3,3,2,2,4,3,3,4,2,2,3,2,4,3,2,4,4,4,3,3,3,77,5,6,6,10,6,7,6,6,6,6,8,4,6,7,8,6,8,6,6,5,6,6,6,6,6.666666667,6,5.666666667,6.333333333,7.666666667,8,6,5.666666667,6.125,3,3,3,4,3,3,4,4,3,3,3,3,4,4,3,2,3,3,3,3,64,11:30 PM,30,6:50 AM,7,2,3,3,1,4,,,3,3,6,7,6,2,5,5,7,5,6,6,2,6,2,4,1,5,2,5,7,4,6,4,2,5,2,6,3,5,6,3,1,7,3,3,3.333333333,5.5,4.5,4.166666667,4.166666667,4.166666667,5,4,6,5,5,2,7,3,5,7,6,6,3,5,7,3,7,5,6.333333333,4.333333333,5.666666667,2.666666667,6.666666667,4.666666667,4,4,3,3,4,4,4,2,3,4,3,4,4,4,3,3,4,4,3,3,3,4,3,3,4,87,6,6,5,9,8,8,8,7,7,7,11,6,5,7,9,8,8,6,6,9,6,5,6,5,7,6.333333333,8,7.666666667,8,11,6,6.666666667,6.75,2,4,4,4,1,2,4,4,2,2,4,3,4,4,2,2,4,4,3,3,62,0.08333333333,15,0.3125,5,2,5,3,3,3,3,4,-0.5,-0.1666666667,1,-0.3333333333,-1.833333333,-0.5,2,0,0.3333333333,-2.666666667,1.333333333,1,10,-1,0.3333333333,0.3333333333,2.333333333,1.333333333,0.3333333333,3,0,1,0.625
21,20,3,2,3,2,3,"9,13",1,2,,3,6,1,English,1,2,6,1,6,3,7,6,6,6,7,6,7,6,1,6,7,3,6,5,6,6,7,1,6,5,5,6,1,5,3,7,6,5,6,6,5,6,5,4,5,5.666666667,5.666666667,5.833333333,3,3,3,3,3,2,2,6,6,2,3,6,4,3,2,6,5,4,3.666666667,5,4,4,2.333333333,3,3,3,2,3,4,2,4,2,4,4,2,4,4,2,2,4,3,3,1,3,4,2,4,4,4,77,4,5,4,11,4,8,4,7,4,3,8,8,8,6,6,6,4,6,6,6,8,7,6,6.333333333,4,7,4.666666667,4.666666667,7.666666667,8,6,7.333333333,5.375,3,3,3,4,4,2,3,3,2,4,3,3,3,4,3,4,3,4,3,3,64,11:00 PM,20,8:00 AM,8,2,5,3,3,5,,,6,2,6,6,6,6,6,6,6,6,7,6,2,7,6,5,6,5,5,6,5,2,6,5,5,6,2,6,2,7,7,3,6,6,5,6,5.166666667,5.166666667,5,5.333333333,5.166666667,5.833333333,7,7,7,6,7,6,6,6,6,7,7,7,7,7,3,6,6,6,5,6,7,6.333333333,6.666666667,7,4,4,4,4,4,4,4,4,4,4,5,5,3,4,4,4,5,4,5,4,4,4,5,4,5,105,7,7,7,7,7,8,7,7,8,9,4,6,8,3,8,5,9,7,8,7,7,7,7,7.333333333,8.333333333,7.333333333,7.333333333,7.333333333,5,4,7,7,7.5,4,3,3,2,4,4,3,1,3,4,2,3,2,2,4,4,3,3,4,4,62,0.04166666667,10 minutes,0.3125,6 hours,4,4,2,3,4,3,4,0.1666666667,1.166666667,0,-0.3333333333,-0.5,0,1.333333333,1,3,2.333333333,4.333333333,4,28,1,4.333333333,0.3333333333,2.666666667,2.666666667,-2.666666667,-4,1,-0.3333333333,2.125
22,22,4,2,3,2,3,9,1,1,,8,1,4,English,1,3,5,1,2,4,7,4,5,5,6,5,7,2,6,5,7,3,6,4,6,2,7,3,4,5,6,5,3,3,2,6,3,6,7,4,5,5,5.166666667,3.666666667,4,5.166666667,5.333333333,4.333333333,6,7,6,6,7,7,3,5,7,7,7,7,6,6,4,7,6,6,5.333333333,6,6.666666667,6.666666667,5.333333333,6.666666667,5,4,4,4,4,4,4,4,4,3,4,5,4,4,3,4,4,4,4,4,4,4,4,4,5,101,9,8,10,7,7,10,11,11,10,10,1,10,10,2,11,2,9,10,11,9,11,9,10,9.666666667,9,11,10,9,3.666666667,1,10,10,9.75,4,1,1,1,4,4,1,1,4,4,2,1,1,1,4,4,2,2,4,4,50,12:00 AM,10,7:20 AM,7 hours,2,5,5,1,4,,,5,2,5,5,7,5,5,6,7,6,7,2,5,6,7,5,5,5,6,3,7,5,7,5,5,7,4,5,5,6,6,6,7,3,7,6,5.333333333,4.833333333,5,6.333333333,6.166666667,4.833333333,7,7,3,6,6,7,2,6,4,7,7,7,7,6,2,7,7,6,5,5.333333333,6.666666667,7,4,6.666666667,4,3,4,4,5,4,3,3,4,3,5,5,2,5,4,4,3,5,5,4,5,5,5,4,5,103,8,10,10,3,7,8,10,11,9,10,3,5,10,1,8,4,10,7,11,10,10,11,10,10.33333333,10,10.66666667,9.666666667,7.666666667,2.666666667,3,10,6.666666667,9.6875,4,1,2,1,4,4,1,2,4,4,1,2,2,1,4,4,2,1,4,4,52,12:30AM,5,07:00AM,5,1,4,2,3,3,3,4,0.1666666667,1.166666667,1,1.166666667,0.8333333333,0.5,-0.3333333333,-0.6666666667,0,0.3333333333,-1.333333333,0,2,0.6666666667,1,-0.3333333333,-0.3333333333,-1.333333333,-1,2,0,-3.333333333,-0.0625
23,20,3,"2,4","3,8",2,3,9,7,5,,3,2,3,Arabic,1,3,4,3,3,3,5,5,5,5,3,4,4,5,3,3,5,3,2,4,5,2,5,4,6,3,2,3,3,5,3,5,3,3,4,5,5,3,3.666666667,4,3.166666667,4.166666667,3.833333333,4.166666667,5,7,6,3,6,3,7,7,7,7,7,6,7,7,2,7,2,2,2,5.666666667,6.666666667,5.666666667,6.666666667,6,3,5,5,4,4,1,4,2,3,2,4,5,3,3,5,3,4,5,5,3,4,2,2,2,5,88,9,11,7,9,8,9,10,11,9,8,7,9,7,5,11,9,7,9,7,7,7,2,7,5.333333333,8.666666667,8.333333333,8.666666667,9.333333333,7.666666667,7,7,9,8,3,4,3,3,3,3,3,3,3,3,3,3,3,4,3,3,3,3,3,3,62,12:00 AM,5,9:00 AM,9,2,4,2,2,4,,,4,3,5,5,5,4,5,4,6,5,5,4,3,4,6,3,2,4,5,3,5,4,6,5,3,3,3,4,3,5,5,4,4,4,5,3,4.166666667,4.166666667,3.5,4.333333333,4.833333333,4.166666667,4,3,3,2,5,3,6,5,5,6,6,6,5,5,4,5,5,5,4.666666667,4,5.666666667,4.333333333,5,4,4,3,4,4,2,3,2,4,4,3,4,3,3,3,4,3,4,3,4,3,4,4,3,4,4,86,7,7,6,9,7,7,8,7,8,7,9,5,7,4,8,7,8,7,7,7,7,6,5,6.333333333,7.333333333,7,7.666666667,7.333333333,6.666666667,9,5,6.333333333,7,2,3,3,4,2,2,3,3,3,2,4,3,3,3,2,2,3,3,2,2,54,0,45,0.2916666667,6,3,3,3,2,4,2,4,0.5,0.1666666667,0.3333333333,0.1666666667,1,0,2.666666667,-1.666666667,-1,-1.333333333,-1.666666667,-2,-2,1,-1.333333333,-1.333333333,-1,-2,-1,2,-2,-2.666666667,-1
24,20,3,2,3,2,"3,5",11,1,2,,2,1,4,English,1,3,3,3,6,2,6,5,4,5,6,1,6,3,5,6,6,2,4,5,4,5,6,2,5,5,3,3,5,1,4,5,4,6,6,2,3,5,3.833333333,1.666666667,4.666666667,4.666666667,5.833333333,4.666666667,6,6,7,5,6,3,3,6,6,7,6,6,5,7,2,6,6,3,3.666666667,5.666666667,6.333333333,4.666666667,5.666666667,6,3,4,4,5,4,3,4,3,4,3,4,5,4,4,4,4,4,4,4,4,5,4,4,4,5,100,9,8,9,9,9,7,9,7,9,9,7,6,9,4,9,3,8,8,9,9,8,9,8,9,8.333333333,8,9,9,5.333333333,7,8,7,8.625,3,2,2,3,3,3,1,3,3,3,3,2,1,1,3,3,3,3,3,3,51,11:00 PM,30ish,7:00,6.5-7,3,4,3,2,4,,,4,3,6,2,6,6,6,5,6,2,6,3,4,6,7,2,3,6,5,6,6,3,6,4,6,3,3,2,4,6,4,6,4,2,6,6,4.833333333,2.166666667,4.833333333,5.166666667,5.333333333,5.166666667,6,4,4,4,6,2,6,4,5,6,7,7,7,6,3,4,5,3,3.666666667,4.333333333,6.666666667,4.333333333,5.333333333,5.333333333,4,4,4,4,3,3,3,3,5,3,3,5,4,4,2,4,4,4,5,4,4,4,3,4,4,94,8,9,7,8,7,4,9,5,8,8,6,4,7,8,8,7,6,4,8,8,5,7,7,7,7.666666667,6,8.333333333,7.666666667,7.666666667,6,7,4,7.3125,3,3,3,3,3,3,2,3,4,3,4,4,3,3,3,3,2,4,2,3,61,1:00AM,2 hours ,7:00AM,5 hours,3,5,4,3,4,4,3,1,0.5,0.1666666667,0.5,-0.5,0.5,0,-1.333333333,0.3333333333,-0.3333333333,-0.3333333333,-0.6666666667,-6,-2,-0.6666666667,-2,-0.6666666667,-1.333333333,2.333333333,-1,-1,-3,-1.3125
25,20,3,"2,4",6,1,2,9,6,1,,6,1,5,English,5,3,6,3,7,7,7,7,3,6,7,6,7,6,1,7,7,7,6,5,5,6,7,6,6,5,3,5,6,7,6,5,7,5,5,3,7,6,4.166666667,6,5.333333333,6.5,6.5,5.666666667,6,6,6,5,6,2,3,6,6,2,7,7,5,6,5,5,5,5,5,5.666666667,6.666666667,4,3.666666667,6,4,4,4,4,3,4,4,2,4,2,4,5,2,4,3,4,4,4,2,4,5,4,5,4,5,94,8,10,7,5,8,8,8,6,8,7,4,5,8,3,9,5,11,4,9,7,6,6,8,7,9.333333333,7,7.666666667,8.333333333,4.333333333,4,8,5.666666667,7.875,3,2,1,3,3,3,3,1,4,3,3,3,2,3,3,3,3,4,4,3,57,11:00 PM,20,7:10 AM,8,3,4,3,2,4,,,5,5,6,7,7,6,3,5,7,7,7,6,2,6,7,7,5,5,4,5,7,7,7,4,3,5,3,7,6,5,6,5,5,6,7,6,3.833333333,6.833333333,5.166666667,6.5,5.833333333,5.333333333,6,7,7,6,5,6,1,7,7,6,6,6,7,6,7,6,6,6,6.333333333,6.666666667,6,6.333333333,4.666666667,6,4,5,5,5,4,5,5,5,5,4,5,5,4,5,5,5,5,5,5,5,5,5,4,5,5,120,9,8,9,4,8,10,11,8,8,8,4,10,9,6,10,4,8,10,11,10,10,4,9,7.333333333,8,9.666666667,9.666666667,9,4.666666667,4,9,10,8.75,3,2,2,2,3,3,1,2,2,2,3,2,2,2,3,3,4,3,3,3,50,0.9375,40,0.2708333333,8,2,4,3,2,4,3,3,-0.3333333333,0.8333333333,-0.1666666667,0,-0.6666666667,-0.3333333333,1.333333333,1,-0.6666666667,2.333333333,1,0,26,0.3333333333,-1.333333333,2.666666667,2,0.6666666667,0.3333333333,0,1,4.333333333,0.875
26,20,3,2,3,2,"3,5",9,1,5,,2,8,2,English,1,3,,,,,,,,,,,,,,,,,,,,,,,,,,,,,,,,,,,,,,,,,,,,,,,,,,,,,,,,,,,,,,,,,,,,,,,,,,,,,,,,,,,,,,,,,,,,,,,,,,,,,,,,,,,,,,,,,,,,,,,,,,,,,,,,,,,,,,,,,,,,,,,,,,,,,,,,,,,,,,5,3,6,5,6,5,4,4,5,4,5,4,2,6,6,4,4,6,6,3,5,4,5,5,5,4,5,3,5,5,5,4,5,4,4,7,4.5,4,4,4.833333333,5.333333333,5.333333333,5,5,4,3,4,6,6,4,5,5,5,6,4,5,4,7,4,5,4.333333333,4,5.333333333,5.666666667,5,4.666666667,3,4,4,4,3,3,3,3,4,3,3,4,3,4,3,3,4,4,3,4,4,4,3,3,4,87,7,8,8,10,7,7,7,7,8,9,4,6,7,5,7,7,9,6,8,8,8,7,6,7.333333333,8.666666667,7.666666667,7.666666667,7,7.333333333,4,6,6.333333333,7.5625,3,2,3,3,4,3,2,3,3,3,3,2,2,3,3,3,3,3,4,4,59,0.9791666667,10,0.3541666667,7,2,4,3,2,3,3,4,,,,,,,,,,,,,,,,,,,,,,,
27,21,4,2,"2,3",1,2,9,4,5,,8,1,4,Chinese,1,2,3,6,5,7,7,6,6,7,6,2,7,4,2,6,5,4,2,3,7,6,6,4,7,3,6,3,1,1,2,7,3,6,5,6,5,7,4.5,4,5.666666667,5,4.666666667,5,6,7,6,5,6,6,7,6,6,7,6,7,6,6,4,7,7,6,5.666666667,5.666666667,6.333333333,6.333333333,6.666666667,6.333333333,4,4,4,4,5,4,4,4,4,3,4,5,2,5,4,3,4,4,5,4,4,3,3,4,5,99,10,9,8,6,8,8,9,8,8,8,4,8,9,4,9,4,9,8,11,10,11,6,7,7.666666667,8.666666667,10,9,9,4.666666667,4,7,8,8.75,3,2,2,2,3,3,1,2,4,4,2,1,1,1,4,4,3,2,2,4,50,11:30PM,10,7:00am,8 EACH NIGHT,2,3,2,2,3,,,5,6,5,7,7,6,5,6,6,3,7,6,2,6,5,5,3,3,6,6,6,4,7,3,5,5,1,5,4,6,5,6,5,5,5,6,4.666666667,4.833333333,5.833333333,5.5,4.666666667,5,6,5,7,4,3,3,5,5,3,7,7,7,4,7,5,2,7,7,6.333333333,4,7,3,6.333333333,4.666666667,5,3,4,2,3,3,5,4,4,4,4,4,4,5,4,4,4,4,4,4,4,4,3,4,4,97,7,8,6,6,6,8,9,4,9,8,4,6,6,5,5,4,5,7,5,10,3,6,8,6,7,4,9.333333333,6,5,4,8,7,6.5625,3,3,3,3,3,2,1,4,3,3,2,3,4,3,3,3,2,3,3,3,57,0.5416666667,25,0.3125,6,3,5,4,2,4,3,3,0.1666666667,0.8333333333,0.1666666667,0.5,0,0,0.6666666667,-1.666666667,0.6666666667,-3.333333333,-0.3333333333,-1.666666667,-2,-1.666666667,-1.666666667,-6,0.3333333333,-3,0.3333333333,0,1,-1,-2.1875
28,21,4,2,3,2,3,11,4,2,,3,6,1,English,3,2,4,3,5,6,3,3,5,4,7,5,5,5,3,6,5,4,5,5,5,3,7,5,5,5,5,3,6,1,6,5,5,4,5,3,3,5,4.5,4,3.833333333,4.5,5.833333333,4.666666667,6,5,5,2,3,6,6,5,6,7,6,6,6,6,2,7,5,5,4,4.333333333,6,6.333333333,6,4.666666667,4,4,4,4,4,4,4,4,5,3,4,5,2,4,4,4,5,5,3,4,4,4,4,4,4,100,8,9,7,11,9,8,7,8,8,8,5,7,7,5,9,6,7,8,9,8,9,8,7,7.333333333,8,8.666666667,7.666666667,8.666666667,7.333333333,5,7,7.666666667,8,3,2,1,2,3,3,2,2,3,3,2,1,2,2,3,4,3,2,4,4,51,11:00 PM,15-30 minutes,7:30 AM,8.5-9.5 hours,2,4,3,2,4,,,6,6,7,7,7,7,6,5,1,5,6,1,1,7,7,5,6,7,3,7,7,6,7,7,6,5,1,3,6,7,6,7,7,4,7,1,4.666666667,5,6.166666667,6.5,5,5,7,7,7,6,7,1,1,7,7,1,7,7,7,7,1,1,7,7,5,6.666666667,7,3,3,7,5,5,5,4,5,5,5,5,5,5,5,5,5,5,5,5,5,5,5,5,5,4,4,5,5,122,11,11,10,11,11,9,11,11,11,11,11,9,9,2,11,2,11,9,11,11,11,11,10,10,11,11,11,11,5,11,10,9,10.75,4,2,2,2,4,4,2,2,4,4,2,1,1,1,4,4,1,2,3,3,52,11pm,30 minutes,7am,7,3,4,3,2,4,3,4,0.1666666667,1,2.333333333,2,-0.8333333333,0.3333333333,1,2.333333333,1,-3.333333333,-3,2.333333333,22,2.666666667,3,2.333333333,3.333333333,2.333333333,-2.333333333,6,3,1.333333333,2.75
29,20,3,3,1,2,3,9,4,2,,3,4,2,English,1,1,6,2,5,7,6,5,7,7,7,4,7,4,2,7,7,6,4,7,6,6,6,6,5,5,7,5,3,4,6,7,6,5,6,4,5,7,5.666666667,5.166666667,5.333333333,5.5,5.666666667,5.833333333,6,7,5,6,7,7,4,7,7,6,7,7,7,7,2,6,6,2,3.333333333,6.666666667,7,6.666666667,5,6.666666667,4,5,5,5,5,5,5,4,4,5,4,4,3,5,5,5,5,5,4,4,4,4,4,5,5,113,11,9,11,3,11,9,11,11,11,11,1,9,11,3,11,3,3,10,11,11,11,11,10,11,7.666666667,11,11,11,3,1,10,9.333333333,10.3125,4,1,1,1,3,3,1,2,4,4,1,1,1,1,3,4,3,2,4,4,48,12:00 AM,15,7:30 AM,7,1,4,2,2,2,,,6,2,7,7,6,7,6,7,7,6,7,7,1,7,7,7,2,7,6,7,7,6,5,6,6,6,7,7,5,7,7,6,7,7,5,7,5.333333333,6.666666667,5.833333333,5,7,6.833333333,7,7,7,7,7,7,7,7,7,7,7,7,6,7,6,7,6,7,6.333333333,7,7,6.666666667,7,7,5,5,5,5,5,5,5,5,5,4,4,5,4,5,5,5,5,5,3,5,5,2,5,5,5,117,11,10,10,3,11,11,9,10,11,10,1,11,10,4,11,2,9,11,11,10,11,10,11,10,9.666666667,10.66666667,10,11,3,1,11,11,10.3125,4,1,2,1,4,4,1,1,4,4,1,1,1,1,4,4,2,2,4,3,49,0.04166666667,less than 2 minutes,0.2916666667,About 6 hours each night ,3,5,4,1,4,3,3,-0.3333333333,1.5,0.5,-0.5,1.333333333,1,3,0.3333333333,0,0,2,0.3333333333,4,-1,2,-0.3333333333,-1,0,0,0,1,1.666666667,0
30,20,3,2,3,2,3,11,1,3,,3,6,2,english,1,3,7,6,7,2,7,7,7,7,7,7,7,7,1,7,7,7,2,7,6,7,7,6,7,7,7,7,7,7,2,6,6,7,7,5,6,7,5.666666667,5.666666667,6.833333333,5.166666667,7,6.833333333,6,6,6,3,5,3,6,5,6,6,6,6,5,7,3,3,6,7,5.333333333,4.666666667,6.333333333,3.666666667,6,5.666666667,4,4,4,5,3,4,4,3,4,2,4,5,2,4,4,4,4,4,5,4,5,4,4,4,5,99,8,8,7,7,8,7,8,6,9,5,7,9,7,3,10,5,7,7,8,8,7,7,7,7,6.666666667,7,8.333333333,8.666666667,5,7,7,7.666666667,7.5,3,3,2,3,2,3,2,2,3,3,2,3,2,3,3,3,3,3,4,4,56,1:00 AM,30 minutes,10:00 AM,7,2,4,3,2,4,,,7,7,7,2,7,7,7,7,7,7,7,7,1,7,7,7,3,7,7,7,7,3,7,6,7,7,7,6,3,7,7,7,7,4,5,7,6,4.833333333,7,5.333333333,7,6.833333333,7,7,6,7,7,7,7,6,7,7,7,7,6,7,6,7,7,6,6.333333333,6.666666667,7,6.666666667,6.666666667,7,5,5,5,5,5,5,5,5,5,2,5,5,3,5,5,5,5,5,5,5,5,5,5,5,5,120,11,11,10,3,11,11,11,11,11,11,3,11,11,2,11,2,11,11,11,11,10,11,11,10.66666667,11,10.66666667,11,11,2.333333333,3,11,11,10.875,4,1,1,1,4,4,1,1,4,4,1,1,1,1,4,4,2,1,4,4,48,0.9166666667,15,0.2708333333,8,2,5,5,1,4,3,3,0.3333333333,-0.8333333333,0.1666666667,0.1666666667,0,0,1,2,0.6666666667,3,0.6666666667,1.333333333,21,3.666666667,4.333333333,3.666666667,2.666666667,2.333333333,-2.666666667,-4,4,3.333333333,3.375
31,20,3,"2,5",3,2,3,9,4,2,,2,2,5,Hindi/Urdu,2,2,6,6,7,6,6,6,6,5,6,6,6,3,2,6,7,6,2,6,6,6,7,6,6,3,6,5,3,4,6,6,6,5,6,6,6,6,5.333333333,5.666666667,5.5,5.333333333,6,5,3,2,4,2,2,2,5,2,4,2,7,7,7,4,4,2,3,4,3.666666667,2.666666667,6,3.666666667,3.666666667,2.333333333,4,3,2,4,3,4,3,2,4,3,3,5,4,2,2,3,2,1,4,3,3,5,4,4,5,82,4,8,5,10,5,4,4,8,4,7,11,3,6,4,8,9,8,4,5,5,7,5,3,5.333333333,7.666666667,6.666666667,4.333333333,5.666666667,7.666666667,11,3,3.666666667,5.75,2,4,4,4,3,2,4,4,4,4,4,2,4,3,3,2,3,4,3,3,66,12AM on average,30,8AM on average,8-Jul,3,5,3,2,2,,,7,4,7,7,7,7,6,7,7,3,7,6,2,7,7,6,3,6,7,6,7,7,7,6,6,6,6,5,6,6,6,6,7,6,6,6,5.666666667,5.666666667,6,6,6.833333333,6.166666667,6,6,6,6,7,6,6,6,7,2,7,7,6,7,5,7,7,6,6,6.333333333,7,6.333333333,4.666666667,6.333333333,4,5,5,5,5,4,5,4,4,2,4,5,4,4,4,4,5,4,4,4,4,5,4,4,4,106,10,11,9,6,8,9,10,9,10,10,3,9,9,4,9,3,10,10,11,10,10,9,10,9,10.33333333,10,10,9,4.333333333,3,10,9.333333333,9.6875,4,2,1,2,4,4,1,1,4,4,2,1,2,2,4,4,2,2,4,4,54,0,30,7:00AM,5,2,4,3,1,5,4,3,0.3333333333,0,0.5,0.6666666667,0.8333333333,1.166666667,2.333333333,3.666666667,1,2.666666667,1,4,24,3.666666667,2.666666667,3.333333333,5.666666667,3.333333333,-3.333333333,-8,7,5.666666667,3.9375
32,20,4,2,3,2,3,9,1,3,,5,1,2,English,1,1,4,1,7,6,6,2,4,5,3,5,6,2,5,3,7,6,1,7,7,2,7,6,5,7,7,1,4,3,3,7,4,4,6,3,6,6,5.166666667,4.833333333,2.666666667,4.5,5.666666667,5.166666667,5,6,3,2,3,3,7,6,7,6,6,6,7,5,6,6,6,6,6,5,5.666666667,5.333333333,5.333333333,4.666666667,5,4,4,5,4,2,5,2,5,4,5,5,4,4,4,2,5,5,4,5,4,4,4,5,4,104,8,11,7,10,10,7,9,8,8,8,4,5,8,8,11,7,10,5,10,8,10,7,7,7.333333333,9.666666667,9.333333333,8.333333333,9.666666667,8.333333333,4,7,5.666666667,8.75,4,2,2,3,4,4,2,2,4,4,3,2,1,2,4,4,3,2,4,4,60,12:00 AM,30,7:00 AM,6,2,4,3,2,5,,,4,3,7,6,7,6,7,6,7,6,7,3,4,7,7,7,3,6,7,3,7,7,7,6,7,2,3,2,6,7,4,6,7,3,7,7,5.5,5.166666667,4.5,6.166666667,6.333333333,5.833333333,5,7,5,7,7,2,6,6,7,7,7,7,6,7,3,7,2,5,3.333333333,6.666666667,7,5,6,6.333333333,4,5,5,5,5,2,5,4,5,4,4,5,4,5,5,4,5,5,5,5,5,3,5,4,5,113,11,8,10,7,11,9,11,10,11,11,6,9,10,6,11,4,10,8,10,11,10,10,10,10,9.666666667,10,11,11,5.666666667,6,10,8.666666667,10.3125,4,1,4,3,4,4,3,1,4,4,3,3,2,2,4,4,3,3,4,4,64,0.9166666667,5,0.3125,9,2,5,3,2,4,4,4,0.3333333333,0.3333333333,1.833333333,1.666666667,0.6666666667,0.6666666667,-2.666666667,1.666666667,1.333333333,-0.3333333333,0.6666666667,1.666666667,9,2.666666667,0,0.6666666667,2.666666667,1.333333333,-2.666666667,2,3,3,1.5625
33,20,3,2,3,2,3,9,4,2,,2,4,4,Telugu,1,3,3,1,6,3,7,6,3,3,5,2,6,5,1,2,7,1,5,6,6,1,6,1,7,6,2,3,2,5,5,5,5,3,7,2,5,5,3.333333333,2.333333333,2.166666667,5.833333333,5.5,5.5,7,5,7,3,5,2,3,6,6,7,7,7,5,7,6,5,7,7,6.666666667,5,7,4,5.666666667,5.666666667,5,2,5,1,2,4,5,5,4,5,4,4,2,5,4,5,5,5,5,2,4,4,2,4,5,98,9,8,9,4,8,9,8,6,8,9,7,6,9,7,8,8,8,7,6,9,6,8,9,8.666666667,8.333333333,6,8.333333333,8.333333333,6.333333333,7,9,7.333333333,8,3,3,3,2,3,2,2,4,4,3,3,3,3,2,3,2,2,3,3,3,56,1:00 AM,20-30 mins,9:00 AM,7,2,5,5,2,4,,,4,1,7,6,7,5,4,3,2,1,4,5,2,2,7,2,4,5,6,1,6,3,7,5,4,4,5,4,4,4,5,3,5,5,6,5,4.166666667,3.5,2.333333333,5.333333333,5.333333333,4.833333333,5,3,6,3,4,5,7,4,4,5,6,7,7,6,3,5,5,5,4.333333333,3.666666667,6.333333333,5.666666667,6,4,4,4,3,3,4,3,4,2,4,4,3,5,3,4,2,3,4,4,5,3,3,3,4,3,4,88,9,9,6,11,8,6,8,6,8,7,6,6,6,5,7,9,7,6,6,10,8,7,7,6.333333333,7.666666667,6.666666667,8.666666667,8,8.333333333,6,7,6,7.4375,3,4,3,3,4,3,3,2,4,3,3,3,4,3,2,3,2,3,4,4,63,12am,35min,8am,6-7hrs,2,5,4,2,2,4,3,0.8333333333,1.166666667,0.1666666667,-0.5,-0.1666666667,-0.6666666667,-2.333333333,-1.333333333,-0.6666666667,1.666666667,0.3333333333,-1.666666667,-10,-2.333333333,-0.6666666667,0.6666666667,0.3333333333,-0.3333333333,2,-1,-2,-1.333333333,-0.5625
34,21,1,2,3,2,3,10,2,2,,3,6,2,English,4,3,6,6,5,7,6,6,7,5,5,6,7,6,1,6,6,6,7,6,6,6,6,5,5,6,5,2,3,6,2,6,6,3,7,7,6,7,5.166666667,6.166666667,4.666666667,5.5,5.333333333,6.166666667,6,6,4,3,4,4,3,5,5,3,6,6,5,6,5,6,3,3,3.666666667,4.333333333,6,5,3.333333333,5.333333333,4,4,4,3,3,3,3,2,4,3,4,4,3,4,3,3,4,4,5,4,5,2,4,4,4,90,8,8,7,8,7,8,8,5,9,8,4,9,5,5,8,7,6,9,8,7,7,8,6,6.666666667,7.333333333,6.666666667,8,7.666666667,6.666666667,4,6,8.666666667,7.1875,3,3,3,3,3,3,3,3,3,4,2,3,3,3,4,2,4,3,4,3,62,12:00 AM,15 minutes,8:00 AM,7 hours,2,5,3,3,4,,,5,7,1,7,6,6,7,5,5,7,7,7,1,5,7,5,6,7,6,3,5,6,5,7,3,3,2,6,4,7,6,5,7,7,6,7,4.666666667,6.333333333,4.666666667,5.666666667,4.5,6.833333333,6,6,7,5,6,7,5,5,6,7,7,7,7,7,3,7,3,5,3.666666667,5.333333333,7,7,6.333333333,6,4,5,4,5,4,3,4,4,4,1,4,5,1,4,3,4,4,4,2,4,4,3,4,4,3,91,8,9,9,4,8,9,9,9,9,11,1,8,9,1,8,3,10,9,8,8,8,10,9,9.333333333,10,8.333333333,8.666666667,8,2.666666667,1,9,8.666666667,8.875,4,1,2,2,4,4,1,2,4,4,2,1,2,2,4,4,2,1,4,4,54,0.08333333333,15,0.3958333333,6,3,5,2,4,2,4,2,-0.5,0.1666666667,0,0.1666666667,-0.8333333333,0.6666666667,0,1,1,2,3,0.6666666667,1,2.666666667,2.666666667,1.666666667,0.6666666667,0.3333333333,-4,-3,3,0,1.6875
35,20,3,2,3,1,"2,5",10,1,2,,1,"3,6",2,English,2,3,2,2,2,5,3,5,2,5,5,3,3,3,5,3,5,5,2,2,7,3,6,5,5,5,6,3,3,4,1,6,3,5,5,2,3,1,4.166666667,4,3.5,2.833333333,4.333333333,3.666666667,6,6,7,7,7,2,7,1,7,7,6,5,7,7,3,7,6,6,5,5,6,5.333333333,7,6.333333333,4,5,4,3,5,5,5,4,3,2,5,5,3,5,1,4,5,1,5,5,1,2,5,5,5,97,11,7,10,2,7,9,11,9,10,9,1,10,10,4,10,2,4,11,11,11,5,8,10,9.333333333,6.666666667,8.333333333,10.66666667,9.333333333,2.666666667,1,10,10,8.9375,3,3,1,3,3,4,1,1,3,4,2,3,4,3,3,2,3,3,4,3,56,11:00 PM,5 minutes,4:30 AM,5 hours,2,5,5,1,1,,,2,2,3,6,3,2,5,5,5,4,1,2,7,2,4,5,1,1,3,2,6,6,3,2,4,2,3,3,1,6,2,2,6,2,3,1,3.833333333,4.333333333,2.5,2,4.5,2.333333333,3,5,4,2,3,3,5,3,3,7,3,6,2,2,2,6,5,5,4,2.666666667,3.666666667,3.666666667,5.333333333,3.666666667,2,2,4,1,4,1,2,2,2,4,2,5,4,2,2,2,2,2,1,2,4,4,1,3,2,62,7,5,4,11,5,9,4,8,7,4,7,8,4,7,6,9,3,8,7,8,6,5,6,4.333333333,4,7,6.333333333,6,9,7,6,8.333333333,5.5625,3,4,3,4,4,3,3,4,2,3,3,3,3,4,2,2,3,4,3,3,63,0.9305555556,25,0.3125,10,2,5,2,4,5,3,4,-0.3333333333,0.3333333333,-1,-0.8333333333,0.1666666667,-1.333333333,-1,-2.333333333,-2.333333333,-1.666666667,-1.666666667,-2.666666667,-35,-5,-2.666666667,-1.333333333,-4.333333333,-3.333333333,6.333333333,6,-4,-1.666666667,-3.375
36,21,4,2,3,2,3,11,6,5,,5,7,3,English,5,1,7,7,7,3,7,7,7,7,1,6,7,7,1,7,7,6,4,6,7,7,5,7,7,5,5,7,4,6,1,5,7,2,4,7,7,4,5.666666667,5.833333333,6.166666667,5.5,4.666666667,5.666666667,5,5,6,3,6,6,6,6,5,7,7,7,7,7,3,7,5,6,4.666666667,4.666666667,7,6.666666667,6.333333333,5.333333333,3,5,4,5,4,3,4,4,4,2,4,5,1,4,3,4,4,4,2,4,4,2,4,3,2,88,7,9,9,5,8,10,9,10,9,9,3,9,9,1,8,4,9,10,9,7,11,7,9,8.333333333,9,10,8.333333333,7.666666667,3.333333333,3,9,9.666666667,8.6875,4,1,1,1,4,4,1,1,4,4,3,1,2,2,4,4,1,2,4,4,52,11:00 PM,15,8:00 AM,6,2,5,2,5,2,,,,,,,,,,,,,,,,,,,,,,,,,,,,,,,,,,,,,,,,,,,,,,,,,,,,,,,,,,,,,,,,,,,,,,,,,,,,,,,,,,,,,,,,,,,,,,,,,,,,,,,,,,,,,,,,,,,,,,,,,,,,,,,,,,,,,,,,,,,,,,,,,,,,,,,,,,,,,,,,,,,,,,,,,,,,,,,,,,,,,,
37,20,4,"2,4",3,2,3,9,1,1,,5,1,2,English,2,3,6,3,6,5,6,6,5,5,5,5,6,5,2,5,6,5,3,6,6,3,6,5,6,5,5,4,2,3,6,6,6,3,6,3,6,6,5,4.333333333,3.833333333,5.5,5.166666667,5.666666667,5,6,4,5,3,6,5,4,6,7,7,7,6,4,6,2,7,6,6.333333333,5,6,4.666666667,5.333333333,4.666666667,3,4,4,4,3,1,1,4,3,2,4,5,2,3,2,4,3,4,3,2,4,4,3,2,5,79,4,7,8,4,7,8,7,8,3,9,8,6,6,8,10,6,11,6,9,8,9,7,7,7,9,8.666666667,6,7,6,8,7,6.666666667,7.5,3,2,1,3,3,4,1,1,1,3,2,1,4,2,3,2,4,2,4,4,50,12:30 AM,15-May,7:30 AM,8-Jun,3,5,3,3,5,,,6,3,6,6,5,6,5,5,6,5,6,5,3,6,5,5,3,5,5,5,6,5,5,3,3,5,3,6,5,6,5,3,6,3,6,5,4.5,5,4.5,5,5.333333333,5,6,7,7,5,6,3,6,6,6,7,6,7,6,6,3,6,5,6,4.666666667,5.666666667,6.333333333,5,6.666666667,6.333333333,4,4,5,4,3,4,5,2,4,4,4,5,2,4,4,4,4,4,5,4,5,5,4,4,5,102,8,9,8,9,9,8,10,7,9,9,5,7,8,3,8,5,10,7,7,10,7,7,8,7.666666667,9.333333333,7,9.666666667,8.333333333,5.666666667,5,8,7.333333333,8.375,4,3,3,2,3,3,3,2,4,3,3,3,3,3,3,3,3,4,3,4,62,10:45pm,30,0.28125,5,3,4,3,2,4,3,4,-0.5,0.6666666667,0.6666666667,-0.5,0.1666666667,-0.6666666667,-1.666666667,0.6666666667,0.3333333333,0.3333333333,1.333333333,1.666666667,23,0.6666666667,0.3333333333,-1.666666667,3.666666667,1.333333333,-0.3333333333,-3,1,0.6666666667,0.875
38,20,4,2,3,2,3,9,1,3,,5,1,5,English,1,2,7,6,6,6,7,2,6,7,7,6,7,6,2,7,6,6,3,6,6,7,7,5,7,5,6,5,5,6,5,4,3,6,7,4,6,6,5,5.5,6.333333333,5.833333333,6.333333333,4.833333333,5,6,4,5,6,6,6,5,5,3,7,6,5,6,3,5,5,5,4.333333333,5,6.333333333,5.333333333,4.333333333,5.666666667,4,4,4,4,4,3,2,4,4,2,4,5,2,4,3,3,4,4,3,4,4,4,4,4,4,91,11,10,9,8,8,8,9,9,9,10,2,8,9,3,9,3,7,8,10,9,10,6,9,8,9,9.666666667,9,9.333333333,4.666666667,2,9,8,9,4,2,2,1,4,4,3,2,3,3,2,2,3,2,4,3,3,1,4,4,56,12:00 AM,5-10 Minutes ,7:15 AM,7 Hours,2,4,2,2,4,,,6,3,6,3,7,4,6,7,7,6,7,4,3,7,6,6,2,6,7,7,7,5,6,6,6,6,3,4,6,4,4,6,6,3,6,4,5.333333333,4.5,6,5.666666667,5.833333333,4.666666667,7,6,5,7,7,6,2,6,7,7,7,7,6,4,5,6,6,4,5,6.666666667,6,6,4.666666667,6.666666667,5,4,5,4,5,4,4,5,5,3,4,5,2,5,4,4,4,4,5,5,5,3,4,5,4,107,9,6,9,3,9,10,9,11,11,7,1,8,8,2,11,2,8,10,11,9,10,10,9,9,7,10.66666667,9.666666667,9.666666667,2.333333333,1,9,9.333333333,9.1875,3,2,1,1,3,4,2,2,3,4,2,3,1,2,4,3,2,2,4,4,52,11:15PM,20,7:00AM,7,2,4,4,1,4,4,3,0.3333333333,-1,-0.3333333333,-0.1666666667,-0.5,-0.1666666667,0.6666666667,1.666666667,-0.3333333333,0.6666666667,0.3333333333,1,16,1,-2,1,0.6666666667,0.3333333333,-2.333333333,-1,0,1.333333333,0.1875
39,21,4,2,3,2,3,9,1,2,,2,1,2,English,1,3,6,6,6,7,6,5,6,5,5,5,7,7,2,7,7,3,6,5,6,5,7,4,6,5,6,7,6,4,7,6,6,5,6,5,5,7,5.333333333,4.666666667,5.833333333,6.166666667,6.166666667,5.833333333,6,6,7,6,7,7,6,5,5,7,7,6,6,5,4,7,7,6,5.666666667,5.333333333,6,6.666666667,6.666666667,6.333333333,5,4,4,3,3,3,4,1,3,1,4,5,2,5,2,4,5,5,3,4,2,4,5,5,4,90,8,11,7,10,10,9,9,9,7,9,3,5,5,2,8,6,11,6,11,10,11,6,7,6,10.33333333,10.33333333,8.666666667,8.666666667,6,3,7,6.666666667,8.6875,3,2,1,2,4,3,1,3,3,3,2,2,3,1,3,3,4,2,4,4,53,11:20 PM,20 minutes,6:00 AM,5 hours,3,4,2,3,4,,,7,5,6,6,6,5,6,6,7,5,7,6,2,7,7,5,6,4,6,6,6,5,7,4,6,6,6,3,6,6,6,5,7,4,5,5,5.5,4.666666667,5.833333333,6.166666667,6.5,5,6,6,6,7,3,6,5,6,7,7,7,7,6,7,3,7,6,5,4.666666667,6.666666667,7,6.333333333,6,5,5,4,5,4,4,4,4,4,5,4,5,5,3,4,4,3,4,4,4,4,4,4,5,4,5,105,8,9,9,3,9,8,8,9,8,10,3,8,10,3,11,3,9,7,9,8,9,9,9,9.333333333,9.333333333,9,8,9.333333333,3,3,9,7.666666667,9,4,2,1,2,4,4,1,2,4,4,2,2,2,2,3,4,3,2,4,4,56,11:00PM,10,7:30AM,8,2,3,2,2,4,4,3,0.1666666667,0,0,0,0.3333333333,-0.8333333333,-1,1.333333333,1,-0.3333333333,-0.6666666667,-1.333333333,15,3.333333333,-1,-1.333333333,-0.6666666667,0.6666666667,-3,0,2,1,0.3125
40,21,4,2,3,1,"1,6",9,1,3,,1,6,1,Dutch,5,2,5,3,3,3,6,7,4,6,3,6,6,6,2,3,6,4,3,7,5,5,4,5,5,6,4,5,2,4,3,6,5,6,6,6,5,5,4.166666667,4.666666667,4.666666667,4.666666667,4,6.166666667,5,5,7,5,6,6,7,6,5,6,5,7,7,6,5,7,5,5,5,5.333333333,6,6.666666667,6.666666667,5.333333333,4,3,4,4,4,3,4,1,3,2,3,5,3,5,3,4,4,4,4,3,3,3,4,3,4,87,10,7,7,11,7,6,11,11,7,10,7,4,4,7,9,6,11,4,10,11,8,6,5,5.666666667,9.333333333,9.666666667,9.666666667,8.666666667,8,7,5,4.666666667,8.375,3,3,2,2,3,3,1,2,4,3,2,2,1,1,1,4,2,3,4,4,50,12am,45min,7am,5hrs,3,4,5,3,3,,,5,5,3,6,6,7,6,6,3,6,6,6,1,4,6,5,6,7,4,5,4,6,6,6,6,6,3,6,5,7,6,7,6,6,6,6,4.666666667,5.833333333,5.5,5.833333333,4.166666667,6.5,6,6,6,4,6,5,3,6,6,5,6,6,7,6,5,4,7,6,6,5.333333333,6,5.333333333,4.666666667,6,4,4,4,3,4,5,4,3,4,5,4,4,4,4,4,4,4,4,1,4,4,4,4,5,3,97,7,8,8,3,8,8,9,8,9,8,6,8,7,4,7,3,6,8,7,8,8,8,8,7.666666667,7.333333333,7.666666667,8.666666667,7.333333333,3.333333333,6,8,8,7.75,3,3,2,2,3,3,1,2,4,3,3,2,2,2,3,3,2,2,3,3,51,0.5,10,0.3194444444,7,2,4,3,2,5,2,4,0.5,1.166666667,0.8333333333,1.166666667,0.1666666667,0.3333333333,1,0,0,-1.333333333,-2,0.6666666667,10,2,-2,-2,-1,-1.333333333,-4.666666667,-1,3,3.333333333,-0.625
41,20,4,2,3,1,2,9,3,2,,2,1,2,Spanish,1,1,7,3,5,7,7,6,7,7,7,5,7,2,1,7,6,6,3,6,5,7,6,7,7,6,6,4,6,6,7,6,7,6,5,7,6,6,5.5,6.333333333,5.666666667,6.166666667,5.833333333,5.333333333,1,1,5,3,3,3,2,2,3,1,5,5,2,2,2,5,5,3,3.333333333,2.666666667,4,3.333333333,2.666666667,1.666666667,4,2,2,2,2,2,4,2,2,4,2,3,4,2,2,4,4,4,2,2,3,2,2,2,1,65,8,9,4,11,2,8,5,10,3,7,8,8,4,7,8,9,8,9,10,5,5,2,2,3.333333333,8,8.333333333,4.333333333,6,9,8,2,8.333333333,5.75,2,3,4,4,3,2,4,3,1,2,2,3,4,3,4,1,3,3,3,3,57,12:00 AM,30,8:00 AM,8,2,4,3,2,4,,,7,7,5,7,7,5,7,7,7,6,7,7,1,7,7,6,4,5,6,7,7,6,7,5,6,6,7,6,7,7,7,7,7,7,6,7,5.666666667,6.333333333,6.833333333,6.333333333,6.666666667,6,7,7,7,7,7,7,6,6,7,7,7,7,5,7,4,7,6,6,5.333333333,6.666666667,7,6.333333333,6.666666667,7,5,5,5,5,5,4,5,5,5,3,1,5,2,5,4,5,5,5,4,5,5,5,5,5,3,111,11,9,11,2,11,10,10,9,11,11,1,9,11,1,11,1,8,10,11,11,11,11,11,11,9.333333333,10.33333333,10.66666667,11,1.333333333,1,11,9.666666667,10.5,4,1,1,1,4,4,1,1,4,4,1,1,1,1,4,4,2,1,4,4,48,0,10,0.2916666667,7,2,4,4,2,2,4,4,0.1666666667,0,1.166666667,0.1666666667,0.8333333333,0.6666666667,2,4,3,3,4,5.333333333,46,7.666666667,1.333333333,2,6.333333333,5,-7.666666667,-7,9,1.333333333,4.75
42,21,4,"2,5",3,2,3,9,4,2,,2,1,4,Telugu,1,2,5,3,6,3,7,5,5,5,5,6,7,6,2,6,7,5,6,6,5,6,6,6,5,5,5,3,3,5,5,5,6,5,7,6,5,5,4.666666667,5.166666667,4.666666667,5.833333333,5.666666667,5.333333333,6,6,7,7,6,3,7,5,7,7,7,7,5,7,7,4,6,7,6.666666667,6.333333333,7,4,7,6,5,4,3,5,5,4,4,5,5,4,5,5,1,5,4,4,5,4,5,5,1,4,5,5,1,103,10,10,9,3,10,9,11,10,11,10,2,5,9,5,10,3,11,11,10,11,6,10,10,9.333333333,10.33333333,8.666666667,11,10,3.666666667,2,10,8.333333333,9.875,3,3,1,1,3,3,1,3,4,3,2,2,1,1,4,4,2,2,4,4,51,11:00 PM,20 minutes,7:30 AM,6,3,3,3,1,1,,,6,3,5,3,7,6,6,6,6,6,7,5,2,6,7,6,6,6,7,5,7,5,6,7,6,5,6,7,6,6,7,5,6,3,6,7,5.666666667,5,5,6.333333333,6.166666667,6.166666667,6,7,5,6,5,6,6,6,7,7,6,7,7,6,3,6,4,3,3.333333333,6.333333333,6.333333333,6.333333333,6,6,4,4,5,4,4,4,4,4,5,3,4,5,3,4,4,3,4,4,5,5,4,5,4,4,5,104,9,9,10,7,8,9,9,8,11,9,4,9,10,3,8,4,10,9,9,8,9,9,10,9.666666667,9.333333333,8.666666667,9.333333333,8.333333333,4.666666667,4,10,9,9.125,4,2,2,2,4,4,2,2,4,4,2,1,2,2,4,4,2,2,4,4,57,0.9375,5,0.3020833333,9,1,4,3,2,4,3,3,1,-0.1666666667,0.3333333333,0.5,0.5,0.8333333333,-3.333333333,0,-0.6666666667,2.333333333,-1,0,1,0.3333333333,-1,0,-1.666666667,-1.666666667,1,2,0,0.6666666667,-0.75
43,22,4,3,"1,3",2,3,9,1,2,,2,1,3,English,4,2,6,4,7,6,6,6,6,6,7,6,7,6,2,7,7,6,4,6,7,6,7,6,7,6,6,5,3,6,7,6,6,5,7,6,6,7,5.5,6,5.5,6.166666667,6.333333333,6.166666667,5,6,5,3,6,2,3,5,6,5,6,6,7,6,3,4,7,6,5.333333333,4.666666667,6,4.333333333,4.333333333,5.666666667,4,3,4,3,5,4,4,3,4,5,4,4,4,4,4,4,4,3,3,4,3,4,3,4,3,94,7,8,7,7,8,7,8,7,8,8,8,6,8,4,8,6,5,5,8,8,6,7,8,7.333333333,7,7,8,7.666666667,5.666666667,8,8,6,7.4375,3,3,2,2,3,3,3,3,4,3,3,3,3,3,3,3,4,2,3,3,59,12:00 AM,15,7:30 AM,7,3,4,3,2,4,,,7,6,6,6,7,6,6,6,7,6,7,6,2,7,7,6,4,6,6,6,7,7,6,6,6,6,6,7,7,6,6,6,7,6,7,7,5.5,6.333333333,6.166666667,6.333333333,6.666666667,6.166666667,7,7,6,7,7,6,2,6,7,7,7,7,7,7,4,7,6,6,5.333333333,6.666666667,7,6.666666667,5,7,5,5,5,4,4,4,4,4,5,2,5,5,3,4,4,4,5,4,5,5,4,5,4,5,5,109,10,10,10,5,10,10,10,11,11,11,2,9,11,2,10,3,9,9,11,11,11,10,11,10.33333333,10,11,10.66666667,10,3.333333333,2,11,9.333333333,10.4375,4,1,2,1,4,4,1,1,4,4,2,1,1,1,4,4,1,1,4,4,49,0,5,0.3055555556,7.5 hours,1,3,2,1,3,2,3,0,0.3333333333,0.6666666667,0.1666666667,0.3333333333,0,0,2,1,2.333333333,0.6666666667,1.333333333,15,3,3,4,2.666666667,2.333333333,-2.333333333,-6,3,3.333333333,3
44,21,4,2,3,2,3,9,2,2,,8,1,5,English,5,2,5,3,7,6,7,7,6,5,5,7,7,6,1,6,7,1,3,1,2,3,3,6,7,2,6,2,1,2,3,7,5,5,5,7,7,3,4.166666667,4.833333333,4,5.666666667,4.666666667,4.333333333,5,6,2,6,4,6,6,6,6,7,6,6,5,7,3,6,5,6,4.666666667,6,6.333333333,5.666666667,5,5,4,5,5,5,5,5,5,5,5,2,2,5,2,3,4,4,5,5,5,5,5,4,4,5,5,109,9,11,9,6,10,10,8,9,9,9,2,8,9,4,9,3,7,8,9,9,7,9,9,9,9,8.333333333,8.666666667,9.333333333,4.333333333,2,9,8.666666667,8.875,4,2,2,1,4,3,2,2,4,4,3,2,2,1,4,3,3,2,4,4,56,11:45 PM,15,8:00 AM,7,2,5,4,3,5,,,7,7,6,7,7,7,7,5,3,7,7,7,1,5,7,5,3,5,2,7,5,6,7,1,7,2,7,2,6,7,7,5,6,6,7,7,5.166666667,5.5,5.166666667,6.166666667,5.666666667,5.666666667,6,6,7,3,7,3,7,6,6,7,7,7,7,7,7,6,7,7,7,5,7,5.333333333,7,6.333333333,3,5,5,5,5,4,5,1,5,3,2,5,2,5,2,5,5,4,5,4,5,5,4,5,5,104,5,9,8,5,10,8,11,8,8,8,4,8,8,2,9,6,10,7,8,11,8,5,7,7,9,8,10,8,4.333333333,4,7,7.666666667,8.3125,3,2,3,2,3,3,2,3,3,3,2,1,2,2,4,4,3,3,4,4,56,0.9583333333,30,0.2708333333,6.5,2,4,4,2,1,2,4,1,0.6666666667,1.166666667,0.5,1,1.333333333,2.333333333,-1,0.6666666667,-0.3333333333,2,1.333333333,-5,-2,0,-0.3333333333,1.333333333,-1.333333333,0,2,-2,-1,-0.5625
45,19,3,"2,4",3,1,2,9,4,1,,6,2,5,urdu,5,2,6,3,6,6,7,4,5,6,3,3,6,5,3,7,6,5,7,5,5,3,6,6,6,6,3,7,2,5,3,2,6,6,6,5,6,6,4.666666667,5,5.333333333,5.833333333,4.833333333,4.666666667,6,6,3,5,7,6,7,5,6,6,6,6,6,7,3,6,5,7,5,5.333333333,6.333333333,6,5.333333333,6.333333333,4,4,4,4,3,4,4,2,2,2,4,4,3,4,4,4,4,5,4,4,5,2,4,4,4,92,9,9,8,10,9,8,8,5,8,7,6,9,9,6,8,5,7,8,9,8,9,8,8,8.333333333,7.666666667,7.666666667,8,8.666666667,7,6,8,8.333333333,8.0625,3,3,3,3,3,4,2,2,3,4,2,1,3,3,3,3,3,3,4,4,59,10:30PM,60 minutes,7:30AM,7 hours,2,3,3,2,2,,,5,2,7,5,7,4,6,6,5,4,7,4,2,7,7,5,6,6,5,3,7,6,6,6,3,6,3,6,6,4,6,7,5,6,7,6,4.5,5.333333333,5.166666667,6.5,5.666666667,5,7,7,6,5,6,6,6,6,6,7,7,7,5,7,3,6,6,6,5,5.666666667,7,5.666666667,6.333333333,6.666666667,4,4,4,4,5,4,5,4,5,2,4,5,2,5,4,3,4,4,5,4,4,3,4,4,5,101,8,9,8,7,7,9,11,10,10,8,2,8,8,6,10,4,10,8,11,11,11,10,8,8.666666667,9,10.66666667,10.66666667,8.333333333,5.666666667,2,8,8.333333333,9.375,4,2,4,1,3,4,2,2,3,4,3,2,2,2,4,4,3,2,4,4,59,0,45787,7:00AM,45846,2,5,3,2,4,4,4,-0.1666666667,0.3333333333,-0.1666666667,0.6666666667,0.8333333333,0.3333333333,0,0.3333333333,0.6666666667,-0.3333333333,1,0.3333333333,9,0.3333333333,1.333333333,3,2.666666667,-0.3333333333,-1.333333333,-4,0,0,1.3125
46,21,4,2,3,2,3,9,4,2,,2,6,1,English,5,3,6,2,7,6,6,5,6,6,7,5,7,6,1,7,7,5,2,6,7,5,7,6,6,3,5,6,7,6,6,6,4,5,7,2,4,6,4.833333333,5,5.166666667,5.166666667,7,5.333333333,7,6,6,5,3,2,7,6,6,7,6,7,5,6,7,6,6,6,6.333333333,5.666666667,6.333333333,4.333333333,6.666666667,5.333333333,4,4,3,3,3,4,5,3,4,4,4,5,2,4,3,3,4,4,4,4,4,4,4,3,5,94,7,9,8,9,6,8,8,8,8,9,4,6,8,6,9,4,9,8,7,11,8,7,8,7.666666667,9,7.666666667,9,7.333333333,6.333333333,4,8,7.333333333,8.125,3,2,2,2,4,4,2,2,3,3,2,2,3,3,3,2,3,2,3,3,53,12:00 AM,5 minutes,7:00 AM,5 Hours,2,5,2,3,3,,,6,6,7,7,7,7,7,6,7,6,7,7,1,7,7,6,7,7,7,2,7,6,6,6,6,6,6,7,6,7,7,6,7,6,7,6,5.666666667,6.333333333,5.5,6.666666667,6.833333333,6.666666667,7,7,6,6,6,7,2,6,7,7,7,7,7,7,3,7,7,4,4.666666667,6.333333333,7,7,5,6.666666667,4,5,5,5,5,4,5,4,5,2,2,5,2,5,3,4,4,4,3,5,5,5,5,5,5,106,9,9,10,10,10,9,10,11,11,9,2,10,10,3,11,4,11,9,11,10,11,11,9,10.33333333,9.666666667,11,10.33333333,10,5.666666667,2,9,9.333333333,10.1875,4,1,1,2,4,4,1,1,3,4,1,1,1,2,4,4,4,1,4,4,51,0.9166666667,5,0.3333333333,9,1,3,2,2,2,4,3,0.8333333333,1.333333333,0.3333333333,1.5,-0.1666666667,1.333333333,-1.666666667,0.6666666667,0.6666666667,2.666666667,-1.666666667,1.333333333,12,2.666666667,0.6666666667,3.333333333,1.333333333,2.666666667,-0.6666666667,-2,1,2,2.0625
47,20,3,"2,5",3,2,"3,5",9,4,2,,2,8,2,English,2,2,6,5,5,3,7,5,6,6,3,6,7,6,1,7,6,5,5,6,6,3,3,5,6,6,6,6,3,5,6,6,7,4,6,6,6,6,5.333333333,5,5.166666667,6.166666667,4.333333333,5.833333333,2,5,2,1,1,1,3,5,3,7,7,7,6,2,1,6,1,2,1.333333333,3,5.333333333,4.333333333,4,2.666666667,4,3,4,4,4,3,3,2,3,2,4,4,4,4,2,4,4,2,3,4,2,4,4,4,2,83,4,8,9,10,5,7,10,8,8,5,5,6,4,2,4,9,11,6,9,9,8,6,7,6.333333333,8,8.333333333,9,4.333333333,7,5,7,6.333333333,7.1875,2,2,3,3,3,4,4,4,3,3,3,3,3,4,4,2,4,4,3,3,64,1:00 AM,60,6:30 AM,1500,2,5,3,2,4,,,6,5,6,3,7,6,7,6,3,6,7,6,1,7,7,6,7,7,7,6,5,3,7,3,6,6,7,7,7,7,7,6,7,7,7,6,5.666666667,5.333333333,6,7,5.833333333,5.833333333,7,7,7,7,6,6,6,7,7,7,7,7,7,7,5,7,6,7,6,7,7,6.666666667,6.666666667,6.666666667,5,5,5,4,5,5,5,5,5,3,5,5,4,5,5,4,5,5,5,5,5,4,5,5,5,119,8,9,11,6,9,10,11,11,11,11,1,10,9,5,11,2,11,10,11,9,10,11,11,10.33333333,10.33333333,10.66666667,10.33333333,9.333333333,4.333333333,1,11,10,10.25,3,1,1,1,3,4,1,2,3,4,2,1,1,2,4,4,3,2,4,4,50,0.9583333333,30,0.3125,7,2,5,3,2,4,3,4,0.3333333333,0.3333333333,0.8333333333,0.8333333333,1.5,0,4.666666667,4,1.666666667,2.333333333,2.666666667,4,36,4,2.333333333,2.333333333,1.333333333,5,-2.666666667,-4,4,3.666666667,3.0625
48,21,4,"2,5",3,2,3,9,2,2,,2,7,3,English,1,2,4,3,6,7,4,4,5,3,3,3,6,3,6,6,7,4,6,3,7,4,7,6,2,3,2,2,1,5,5,6,5,6,5,3,4,5,4.833333333,4.666666667,4,4.5,4.833333333,4,5,7,7,5,7,1,3,6,5,7,7,7,6,7,7,2,7,7,7,5.333333333,7,3,5.666666667,6.333333333,4,4,5,5,5,3,5,5,4,4,4,3,2,4,2,4,4,4,5,4,4,5,4,5,5,103,8,4,6,9,8,6,8,7,8,6,7,3,6,2,9,7,6,4,9,6,6,6,7,6,5.333333333,7.333333333,7.333333333,8.333333333,6,7,7,4.333333333,6.875,2,4,4,4,1,2,3,4,3,3,3,4,4,3,3,2,3,4,3,3,62,11:00 PM,60,6:30 AM,6,2,4,3,2,2,,,5,4,2,4,3,4,4,3,7,2,3,2,3,6,6,3,2,4,5,3,6,6,3,3,6,2,3,5,4,5,7,4,6,3,3,6,5,3.833333333,3.666666667,3,5,4,6,5,6,6,3,6,3,3,5,6,6,7,6,6,7,6,6,7,6.666666667,4.666666667,6.333333333,6,5,4.666666667,4,4,4,4,3,3,2,5,4,2,3,5,3,2,2,3,5,5,4,3,4,4,4,3,5,90,8,8,8,6,7,7,7,7,7,8,8,6,7,7,10,6,11,5,10,6,8,7,5,7.333333333,9,8.333333333,6.666666667,8.333333333,6.333333333,8,5,6,7.75,3,3,2,4,3,4,2,2,1,3,3,2,3,3,4,3,4,2,4,3,58,0.02083333333,5,0.3229166667,7,2,4,2,3,5,2,4,0.1666666667,-0.8333333333,-0.3333333333,-1.5,0.1666666667,0,-0.3333333333,-0.6666666667,-0.6666666667,3,-0.6666666667,-1.666666667,-13,1.333333333,3.666666667,1,-0.6666666667,0,0.3333333333,1,-2,1.666666667,0.875
49,20 years young,4,2,5,2,3,9,6,4,,3,1,5,English,4,2,7,3,7,3,7,5,7,4,4,7,7,7,1,7,7,7,3,6,7,7,7,4,5,6,7,7,1,7,7,5,6,7,7,7,7,7,5.833333333,5.833333333,5.833333333,6,5.5,6,6,7,7,6,7,7,6,7,7,6,7,7,7,7,3,7,7,7,5.666666667,6.666666667,7,7,6.333333333,6.666666667,5,5,5,5,5,2,2,5,5,2,5,5,2,5,5,4,5,5,5,5,5,5,5,5,5,112,11,10,11,6,11,10,11,11,11,11,1,10,11,3,10,3,10,11,11,11,11,11,11,11,10.33333333,11,11,10.66666667,4,1,11,10.33333333,10.8125,4,2,2,2,4,4,2,2,4,4,2,2,2,2,4,4,2,2,4,4,58,12AM,30,7AM,6,3,5,3,3,2,,,5,3,7,7,7,7,7,6,2,7,7,7,1,7,7,7,7,7,7,7,7,5,6,6,6,3,1,7,1,4,6,5,5,7,7,6,5.333333333,6.666666667,5.166666667,5.833333333,4.833333333,6.166666667,7,6,7,3,3,1,5,2,7,7,7,6,6,6,2,5,7,7,5.333333333,4,6.333333333,4,6.333333333,5.333333333,5,5,3,4,5,5,4,3,3,4,4,5,2,5,2,4,5,3,4,4,3,4,5,5,4,100,11,3,8,2,8,9,9,7,11,11,3,8,6,4,10,2,3,9,11,9,3,8,7,7.333333333,5.666666667,7,9.666666667,9.666666667,2.666666667,3,7,8.666666667,7.8125,3,2,1,2,4,3,1,1,3,3,1,1,2,3,3,3,2,3,3,3,47,0.9583333333,5-10 minutes,0.1875,45784,2,4,4,1,1,4,3,-0.5,0.8333333333,-0.6666666667,-0.1666666667,-0.6666666667,0.1666666667,-0.3333333333,-2.666666667,-0.6666666667,-3,0,-1.333333333,-12,-3.666666667,-4.666666667,-4,-1.333333333,-1,-1.333333333,2,-4,-1.666666667,-3
50,21,4,3,3,1,2,9,1,2,,3,"1,6",1,English,4,2,4,6,4,6,6,6,4,5,7,6,5,5,2,7,5,5,4,5,5,6,7,5,3,6,6,6,6,6,6,5,6,5,6,6,5,5,4.5,5.666666667,5.833333333,4.833333333,5.833333333,5.333333333,7,7,7,6,6,7,2,7,7,7,6,6,7,7,7,6,7,6,6.666666667,6.666666667,6.333333333,6.666666667,5.333333333,6.666666667,5,5,5,5,4,5,5,5,5,5,5,5,5,5,4,5,5,5,5,5,5,5,4,5,5,122,9,9,8,4,8,9,11,6,11,9,4,8,8,6,10,3,9,9,11,10,11,4,8,6.666666667,9,9.333333333,10.66666667,9,4.333333333,4,8,8.666666667,8.875,2,2,1,2,2,2,1,3,2,2,3,2,2,3,3,3,4,3,3,3,48,11:00PM,40,6:20 AM,8,2,5,4,3,4,,,,,,,,,,,,,,,,,,,,,,,,,,,,,,,,,,,,,,,,,,,,,,,,,,,,,,,,,,,,,,,,,,,,,,,,,,,,,,,,,,,,,,,,,,,,,,,,,,,,,,,,,,,,,,,,,,,,,,,,,,,,,,,,,,,,,,,,,,,,,,,,,,,,,,,,,,,,,,,,,,,,,,,,,,,,,,,,,,,,,,
51,20,3,2,3,2,3,9,1,2,,2,6,1,English,1,3,5,4,5,1,6,6,5,6,6,5,6,4,3,6,6,3,3,6,6,5,7,1,5,6,3,6,3,1,6,6,3,5,6,4,5,5,4.166666667,2.5,5.333333333,5.166666667,5.5,5.5,4,4,4,4,5,3,5,3,5,7,6,7,6,6,2,5,4,3,3,4,6.333333333,4.666666667,5.333333333,4.333333333,3,4,3,3,4,2,3,3,4,2,3,5,3,4,2,3,4,3,5,4,5,4,4,3,5,88,8,7,8,8,7,5,9,6,7,9,6,4,7,8,8,7,10,3,7,6,7,7,8,7.333333333,8.666666667,6.666666667,7.333333333,7.666666667,7.666666667,6,8,4,7.5625,3,3,3,3,3,3,2,2,4,3,3,3,2,2,4,3,2,3,3,3,57,12:00 AM,1+ hours,8:00 AM,6,3,5,3,2,5,,,3,3,7,2,6,5,5,6,7,3,5,4,4,6,6,4,4,6,5,3,7,2,5,5,3,4,3,3,6,6,5,5,4,3,4,6,4.166666667,2.833333333,4.5,5,5.666666667,5.333333333,6,6,6,3,6,3,7,5,6,7,7,6,6,4,3,4,6,4,4.333333333,4.666666667,5.666666667,4.333333333,6.666666667,6,4,3,4,3,3,3,2,2,4,4,4,4,4,5,3,4,4,4,3,4,4,4,5,4,4,92,7,8,8,9,8,6,7,4,7,7,8,2,8,4,7,6,8,5,8,7,4,7,7,7.666666667,7.666666667,5.333333333,7,7.333333333,6.333333333,8,7,4.333333333,7,3,3,3,2,3,3,2,2,3,3,2,3,1,3,3,3,2,4,3,3,54,12:30am,60,8:30am,8,3,4,3,2,4,3,3,0,0.3333333333,-0.8333333333,-0.1666666667,0.1666666667,-0.1666666667,1.333333333,0.6666666667,-0.6666666667,-0.3333333333,1.333333333,1.666666667,4,0.3333333333,-1,-1.333333333,-0.3333333333,-0.3333333333,-1.333333333,2,-1,0.3333333333,-0.5625
52,19,2,2,3,2,3,9,4,2,,2,"4,6,8",2,English,1,2,5,2,5,3,5,4,4,5,5,4,4,4,4,3,6,4,3,5,4,3,6,4,5,5,3,4,4,3,3,5,6,3,5,3,4,4,4.333333333,3.5,3.333333333,4,5.166666667,4.5,6,6,6,6,7,3,6,6,5,7,7,7,7,7,4,5,3,5,4,5.666666667,7,5,6.333333333,6.333333333,4,4,4,4,4,4,4,4,4,3,4,4,2,4,4,4,4,5,4,4,4,4,4,4,5,99,7,8,8,7,8,7,9,7,9,9,4,5,8,2,8,5,7,6,8,10,8,7,8,7.666666667,8,7.666666667,9.333333333,7.666666667,4.666666667,4,8,6,8.0625,4,3,3,3,4,4,2,2,3,3,2,2,1,2,3,4,3,3,4,3,58,12:30 PM,10 minutes,7:00 AM,6 hours,3,4,2,4,5,,,5,2,4,4,4,3,5,4,5,4,5,4,3,3,6,3,3,4,5,3,5,4,5,4,5,3,4,2,2,4,6,3,5,3,2,3,4.833333333,3.333333333,3,3.5,4.833333333,3.666666667,4,3,4,3,2,4,7,4,4,7,5,6,5,4,5,6,5,5,5,3.666666667,5,5,6,3,3,3,3,4,3,2,2,2,2,2,3,3,2,3,2,2,3,4,3,3,4,4,4,4,3,73,5,6,6,9,5,7,6,7,5,7,6,4,5,7,6,6,8,6,6,5,6,6,6,5.666666667,7,6.333333333,5.333333333,5.333333333,7.333333333,6,6,5.666666667,5.9375,4,3,3,3,3,2,3,2,3,3,3,3,3,3,3,3,3,4,4,3,61,0.04166666667,15,0.2916666667,5,3,3,3,1,4,3,3,0.5,-0.1666666667,-0.3333333333,-0.5,-0.3333333333,-0.8333333333,1,-2,-2,0,-0.3333333333,-3.333333333,-26,-2,-1,-1.333333333,-4,-2.333333333,2.666666667,2,-2,-0.3333333333,-2.125
53,23,4,2,2,1,2,9,4,5,,8,1,5,Korean,4,2,3,3,6,5,6,5,3,4,6,5,6,5,2,4,5,6,2,6,5,3,6,5,5,6,4,3,5,6,2,6,4,4,5,5,5,4,3.5,5.333333333,3.5,4.333333333,5.5,5.333333333,7,7,7,7,6,4,3,6,7,7,7,7,6,6,4,5,6,7,5.666666667,6.666666667,6.666666667,5,5.666666667,6.666666667,5,5,4,5,5,5,3,4,5,3,5,3,2,5,5,5,5,4,1,5,4,5,5,5,3,106,9,11,9,7,7,9,11,8,11,10,8,9,10,2,9,2,6,10,8,11,6,7,9,8.666666667,9,7.333333333,11,8.333333333,3.666666667,8,9,9.333333333,8.875,3,3,3,3,2,2,3,4,4,3,4,3,4,3,2,2,4,4,3,3,62,10:30 PM,3-5 minutes ,6:00 AM,8 hours,1,4,2,3,2,,,5,2,6,6,6,5,3,5,6,6,6,6,2,4,6,6,2,6,5,3,6,6,6,5,5,5,6,6,2,6,5,5,6,4,5,5,4.166666667,5.666666667,4,4.5,6,5.5,6,7,2,3,3,3,2,5,6,6,6,6,6,6,2,6,5,5,4,4.666666667,6,5,3.333333333,5.333333333,4,3,4,4,4,2,4,3,3,2,4,4,3,4,4,4,4,4,5,4,5,3,4,4,4,93,6,8,8,8,7,8,8,8,9,8,3,9,7,7,8,7,9,8,8,8,7,8,8,7.666666667,8.333333333,7.666666667,8.333333333,7,7.333333333,3,8,8.333333333,7.8125,3,3,2,3,4,3,2,2,3,4,2,2,2,2,3,3,4,2,3,3,55,0.9166666667,10 minutes,0.8541666667,8 hours,1,5,4,3,5,2,4,0.6666666667,0.3333333333,0.5,0.1666666667,0.5,0.1666666667,-1.666666667,-2,-0.6666666667,0,-2.333333333,-1.333333333,-13,-1,-0.6666666667,0.3333333333,-2.666666667,-1.333333333,3.666666667,-5,-1,-1,-1.0625
54,21,4,2,3,2,3,9,1,2,,2,1,2,English,1,1,6,2,5,7,6,5,5,5,7,5,6,3,2,5,6,4,3,6,6,5,7,4,5,3,5,5,4,5,6,5,5,5,5,6,5,6,4.833333333,5.166666667,4.5,5.166666667,5.666666667,4.666666667,6,6,4,3,5,5,5,5,6,7,5,5,4,5,5,7,6,5,5.333333333,4.666666667,5,5.333333333,5.333333333,5.666666667,4,4,4,4,4,4,4,3,4,3,4,4,2,4,4,3,4,5,1,4,4,5,4,4,2,92,8,9,7,5,8,9,7,9,10,8,5,9,7,2,9,3,7,9,8,5,9,8,7,7.333333333,8,8.666666667,7.333333333,8.333333333,3.333333333,5,7,9,7.875,3,2,2,2,3,3,3,2,3,4,1,2,3,2,3,3,3,2,4,4,54,11:30 PM,45,6:45 AM,7-Jun,3,4,3,2,2,,,5,3,7,6,6,5,6,6,7,4,6,6,3,6,6,5,4,5,4,4,7,6,6,5,6,5,2,5,6,5,6,5,5,4,6,6,5,5,4.833333333,5.666666667,5.666666667,5.333333333,5,5,6,5,6,6,6,5,5,6,6,7,5,6,1,7,4,4,3,5,6.333333333,6,6,5.333333333,4,4,5,5,4,3,4,2,4,2,4,5,2,4,4,4,5,4,3,4,4,4,4,4,4,96,9,9,10,8,9,9,10,10,11,11,2,9,10,4,10,5,6,9,10,9,10,7,7,9,8.666666667,10,10,9.333333333,5.666666667,2,7,9,9.25,4,1,1,2,4,4,1,2,3,4,2,2,2,2,4,4,4,2,4,4,56,0.9791666667,5,0.3125,8,2,4,2,2,4,3,4,0.1666666667,-0.1666666667,0.3333333333,0.5,0,0.6666666667,-2.333333333,0.3333333333,1.333333333,0.6666666667,0.6666666667,-0.3333333333,4,1.666666667,0.6666666667,1.333333333,2.666666667,1,2.333333333,-3,0,0,1.375
55,20,3,2,3,2,3,"11,13",2,3,,1,"1,8",3,English,1,3,2,1,6,3,5,3,5,3,6,3,6,3,5,5,5,2,2,3,3,3,6,5,3,2,4,4,6,2,3,5,5,5,6,6,5,5,4,3.5,3.5,4,5.833333333,3.5,5,3,3,3,3,3,6,4,5,6,6,6,5,6,5,3,5,4,4.666666667,4,6,3.666666667,5,3.666666667,4,4,4,3,2,3,3,3,4,3,4,4,3,3,3,3,4,4,4,3,4,4,4,4,4,88,7,7,6,8,6,7,7,5,7,8,9,5,7,5,8,8,8,6,4,4,4,7,6,6.666666667,7.666666667,4.333333333,6,7,7,9,6,6,6.3125,2,3,3,4,2,2,3,2,3,2,3,3,4,3,2,2,3,3,2,2,53,11:00PM,30,7:00AM,7,3,3,3,2,4,,,5,2,6,2,5,5,5,5,5,1,7,5,3,7,6,2,1,5,3,5,7,5,5,3,5,3,5,2,5,5,7,6,6,5,5,5,4.666666667,2.833333333,4.666666667,4.666666667,5.833333333,4.666666667,6,6,2,3,5,2,7,3,5,7,7,6,5,6,2,7,6,7,5,3.666666667,6.333333333,4.666666667,5.333333333,5.666666667,4,4,4,4,4,2,3,4,2,2,4,5,3,3,2,3,4,5,4,2,4,4,3,5,3,87,7,8,7,7,5,8,8,8,11,7,6,6,8,2,5,7,10,9,10,5,9,8,7,7.666666667,8.333333333,9,8,5.666666667,5.333333333,6,7,7.666666667,7.6875,2,3,1,3,3,4,2,2,3,4,3,2,2,3,4,4,3,2,4,4,58,0.9583333333,60,0.3333333333,8,2,4,2,2,2,3,4,0.6666666667,-0.6666666667,1.166666667,0.6666666667,0,1.166666667,0.3333333333,-0.3333333333,0.3333333333,1,0.3333333333,2,-1,1,0.6666666667,4.666666667,2,-1.333333333,-1.666666667,-3,1,1.666666667,1.375
56,21,4,2,3,2,"3,5",9,4,2,,2,6,3,English,2,2,5,3,3,3,6,5,5,4,5,5,5,5,3,6,6,3,4,5,5,3,6,4,5,5,3,4,2,3,4,5,5,4,5,3,5,6,4.333333333,3.5,4,4.833333333,4.5,5.166666667,5,6,6,5,5,5,5,5,6,5,6,6,5,5,2,5,4,6,4,5.333333333,5.666666667,5,5.333333333,5.333333333,2,4,4,3,3,3,2,2,3,4,3,4,3,4,3,3,4,4,5,3,4,2,4,3,4,83,9,9,8,9,9,8,11,9,11,9,5,7,7,5,8,4,8,8,11,11,11,9,8,8,8.666666667,10.33333333,11,8.666666667,6,5,8,7.666666667,9.25,4,3,2,3,3,3,3,3,3,3,3,3,3,3,3,3,3,3,3,3,60,1:00am,20-30 minutes,between 6-8:30am,7,2,5,4,3,4,,,5,3,5,6,5,5,5,4,3,5,5,5,2,6,7,4,5,5,6,4,5,3,5,5,3,5,3,3,4,6,3,5,5,3,5,6,4,4,4.5,4.833333333,4.666666667,5.333333333,5,5,5,3,5,5,6,5,6,7,6,6,6,7,3,4,6,6,5,4.666666667,6.333333333,5,6,5,4,4,4,4,4,4,4,4,4,2,4,4,2,4,4,4,4,4,3,4,4,3,4,4,4,94,7,5,7,9,7,7,7,7,8,8,6,6,7,6,9,6,4,5,7,8,7,8,8,7.333333333,5.666666667,7,7.666666667,7.666666667,7,6,8,6,7.125,3,3,2,3,4,3,2,3,3,3,2,3,3,3,3,3,2,4,3,3,58,0.04166666667,10,0.2916666667,6,2,5,3,2,4,4,3,-0.3333333333,0.5,0.5,0,0.1666666667,0.1666666667,1,-0.6666666667,0.6666666667,0,0.6666666667,-0.3333333333,11,-0.6666666667,-3,-3.333333333,-3.333333333,-1,1,1,0,-1.666666667,-2.125
57,21,4,2,3,2,3,9,1,2,,1,6,1,English,1,2,4,3,5,6,6,6,5,5,6,6,6,6,2,5,7,6,3,6,6,3,7,6,6,5,5,4,2,5,3,7,5,5,7,3,4,6,4.5,5.333333333,4.166666667,4.666666667,5.666666667,6,6,6,6,4,4,5,5,5,7,6,4,5,6,4,2,5,4,4,3.333333333,5.333333333,4.333333333,5.333333333,5.666666667,5.333333333,3,5,5,4,3,3,3,3,4,2,3,4,2,4,3,3,3,4,5,3,4,3,2,4,5,87,7,6,8,10,8,9,9,8,9,6,5,10,7,5,10,5,10,10,9,7,9,6,7,7,7.333333333,8.666666667,8.333333333,8.333333333,6.666666667,5,7,9.666666667,7.875,4,3,3,3,3,3,3,3,3,3,3,2,3,3,3,3,3,3,3,3,60,1:00 AM,15 mins,8:00 AM,around 6-7 hours,2,4,3,1,2,,,6,5,6,6,6,7,5,6,7,5,7,6,1,6,7,6,3,6,5,5,7,6,6,6,6,5,6,3,3,7,6,6,6,3,5,7,4.833333333,4.833333333,5.5,5,6.5,6.5,6,6,5,6,7,6,7,6,6,7,7,7,6,7,3,7,6,6,5,6,7,6.333333333,6.333333333,6.333333333,4,4,4,4,4,4,5,4,4,3,4,5,4,4,4,5,5,5,2,4,5,4,5,5,3,104,8,9,8,7,10,10,10,10,10,9,4,10,8,4,10,5,8,10,10,10,10,10,9,8.666666667,8.666666667,10,10,9.333333333,5.333333333,4,9,10,9.3125,3,2,2,2,4,4,2,2,3,4,2,1,2,1,4,4,3,2,4,4,55,0.9166666667,20,0.25,7.5,2,4,3,1,4,3,4,0.3333333333,-0.5,1.333333333,0.3333333333,0.8333333333,0.5,1.666666667,0.6666666667,2.666666667,1,0.6666666667,1,17,1.666666667,1.333333333,1.333333333,1.666666667,1,-1.333333333,-1,2,0.3333333333,1.4375
58,20,3,4,2,1,1,13,4,2,,1,4,1,English,1,3,3,2,6,3,6,5,5,5,6,3,3,3,6,1,6,3,2,5,4,1,7,5,6,6,1,3,1,3,1,6,2,1,7,3,3,6,3.5,3.333333333,2.166666667,3.5,5.5,5.166666667,7,6,6,6,7,7,5,6,7,7,6,7,6,7,6,5,7,7,6.666666667,6.333333333,6.666666667,6,6,6.666666667,4,4,5,4,4,3,3,5,4,3,4,5,3,4,3,3,4,3,5,3,4,2,3,4,5,94,11,8,10,6,9,9,11,11,11,9,2,8,9,3,10,4,10,9,11,8,11,10,10,9.666666667,9,11,10,10,4.333333333,2,10,8.666666667,9.9375,3,2,4,2,4,3,1,3,3,4,2,1,2,1,3,4,3,2,4,4,55,10:30 PM,10-20 minutes,6:45 AM,8,2,4,3,2,2,,,5,2,6,6,7,6,3,4,5,5,5,3,3,2,6,4,3,6,3,2,6,5,7,2,3,3,1,4,1,6,3,1,6,3,3,7,3.333333333,4.5,2.333333333,4.333333333,5,5,2,3,6,3,1,1,1,5,3,7,7,7,6,5,1,5,3,2,2,3.666666667,6.333333333,4,4.666666667,2,4,4,5,5,5,3,4,2,4,4,5,4,5,5,1,4,4,3,2,4,3,5,5,4,2,96,6,8,7,8,7,8,9,8,11,8,1,8,9,4,4,9,11,8,10,10,9,9,8,8.333333333,9,9,10,5.666666667,7,1,8,8,8.375,3,1,2,3,2,2,2,2,1,3,1,1,2,3,3,4,4,3,4,4,50,0,15,0.4583333333,7,2,5,5,2,2,4,4,-0.1666666667,1.166666667,0.1666666667,0.8333333333,-0.5,-0.1666666667,-4.666666667,-2.666666667,-0.3333333333,-2,-1.333333333,-4.666666667,2,-1.333333333,0,-2,0,-4.333333333,2.666666667,-1,-2,-0.6666666667,-1.5625
59,20,3,2,5,2,5,11,2,2,,2,1,4,English ,1,1,7,3,7,6,7,7,5,7,1,7,6,5,2,6,7,7,5,7,6,6,4,7,7,7,2,7,1,7,1,7,6,7,7,6,7,6,4.666666667,6.666666667,6,5.5,4.5,6.5,6,6,6,6,6,6,3,6,6,2,6,6,6,6,5,6,6,6,5.666666667,6,6,6,3.666666667,6,4,4,4,4,4,4,4,4,4,4,4,4,4,4,4,4,4,4,4,4,4,4,4,4,4,100,9,8,8,4,8,10,9,9,9,9,4,10,8,3,9,5,9,10,10,9,10,9,8,8.333333333,8.666666667,9.666666667,9,8.666666667,4,4,8,10,8.8125,3,2,2,2,3,3,2,2,3,3,2,2,2,2,3,3,2,2,3,3,49,10:30pm,30min,7:00am,6.3oh,2,2,2,1,2,,,,,,,,,,,,,,,,,,,,,,,,,,,,,,,,,,,,,,,,,,,,,,,,,,,,,,,,,,,,,,,,,,,,,,,,,,,,,,,,,,,,,,,,,,,,,,,,,,,,,,,,,,,,,,,,,,,,,,,,,,,,,,,,,,,,,,,,,,,,,,,,,,,,,,,,,,,,,,,,,,,,,,,,,,,,,,,,,,,,,,
60,20,3,2,3,2,7,11,6,2,,1,7,2,English,1,2,5,1,5,2,6,6,2,5,3,2,5,3,5,5,7,3,3,6,2,3,6,2,6,2,3,3,2,1,1,3,5,3,7,5,3,3,3.666666667,2.5,3.333333333,4,5,3.833333333,6,6,2,3,6,3,5,5,3,2,6,7,7,6,6,2,5,6,5.666666667,3.666666667,6.333333333,4,3,6,4,4,4,4,4,5,2,4,4,3,4,5,2,4,3,3,4,5,5,4,4,4,2,4,4,95,7,7,8,8,7,7,8,7,10,9,3,7,8,2,9,5,8,7,11,7,6,11,8,9,8,8,8.333333333,7.666666667,5,3,8,7,8.1875,4,2,2,2,4,4,2,2,4,4,2,1,2,2,3,3,2,3,4,4,56,12am,20 minutes,9am,6 hours,3,4,3,2,4,,,6,2,5,3,6,7,5,7,6,3,6,3,5,5,7,5,3,5,6,5,6,6,7,5,3,6,5,6,3,6,6,3,7,6,6,3,5.166666667,4.833333333,4.666666667,5.166666667,6,4.833333333,6,6,6,5,3,6,6,6,7,6,6,7,7,5,5,7,6,6,5.666666667,6,6,6.666666667,6,5,5,5,4,5,5,4,5,4,4,2,4,5,5,5,4,2,5,5,5,4,4,4,5,5,4,109,9,11,8,8,10,9,9,11,9,10,2,8,9,8,11,8,10,9,10,10,10,9,10,8.666666667,10.33333333,10.33333333,9.333333333,10,8,2,10,8.666666667,9.75,4,1,1,3,4,4,1,3,4,4,2,2,1,2,4,4,2,3,4,4,57,0.04166666667,15,0.2916666667,5.5,2,4,3,2,4,4,4,1.5,2.333333333,1.333333333,1.166666667,1,1,0,2.333333333,-0.3333333333,2.666666667,3,-1,14,-0.3333333333,2.333333333,2.333333333,1,2.333333333,3,-1,2,1.666666667,1.5625
61,19,2,3,3,2,3,11,1,2,,2,"1,6",1,English,1,2,4,2,7,6,6,5,6,6,6,4,6,5,3,4,6,5,3,5,7,3,6,5,6,6,5,4,5,6,5,6,5,5,7,6,5,6,5,5.333333333,4,5.166666667,6.166666667,5.5,7,7,4,2,3,7,1,6,3,7,7,7,7,4,2,7,7,5,4.666666667,3.666666667,6,7,4,5.666666667,4,4,4,3,4,2,3,3,3,3,5,5,2,4,3,4,2,5,5,4,4,4,4,4,5,93,5,8,8,4,5,8,8,8,9,8,4,6,8,2,4,4,11,8,9,6,10,9,10,8.333333333,9,9,7.666666667,4.666666667,3.333333333,4,10,7.333333333,7.875,4,2,2,3,4,4,2,2,4,4,2,2,3,2,4,3,3,3,4,4,61,11:30pm,5 minutes,7:30am,6 hours,1,4,2,2,2,,,4,2,6,5,5,5,5,5,6,5,6,6,2,6,6,5,3,6,6,3,6,6,5,6,6,4,4,6,5,6,5,5,6,5,5,6,4.666666667,5.333333333,4.166666667,4.833333333,5.666666667,5.833333333,6,6,6,3,3,6,6,5,5,6,5,6,5,6,3,6,5,5,4.333333333,4.333333333,5.666666667,5.666666667,6,5,4,5,4,4,4,4,4,4,4,3,4,5,2,4,4,4,5,5,2,4,4,4,4,4,4,99,7,8,7,9,9,8,7,8,8,8,3,7,7,3,8,4,7,8,9,7,8,8,7,7.333333333,7.666666667,8.333333333,7.333333333,8,5.333333333,3,7,7.666666667,7.6875,3,2,2,2,4,3,2,1,3,4,2,2,2,2,3,3,2,2,4,4,52,0.9583333333,15-20,0.3333333333,9,2,4,3,1,4,3,3,-0.3333333333,0,0.1666666667,-0.3333333333,-0.5,0.3333333333,-0.3333333333,0.6666666667,-0.3333333333,-1.333333333,2,-0.6666666667,6,-1,-1.333333333,-0.6666666667,-0.3333333333,3.333333333,2,-1,-3,0.3333333333,-0.1875